TRATSCZ12903CDAF86	2014 01	5
TRATSCZ12903CDAF86	2014 02	3
TRATSCZ12903CDAF86	2014 03	7
TRATSCZ12903CDAF86	2014 04	2
TRATSCZ12903CDAF86	2014 05	5
TRATSCZ12903CDAF86	2014 06	9
TRATSCZ12903CDAF86	2014 07	3
TRATSCZ12903CDAF86	2014 08	3
TRATSCZ12903CDAF86	2014 09	7
TRATSCZ12903CDAF86	2014 10	2
TRATSCZ12903CDAF86	2014 11	4
TRATSCZ12903CDAF86	2014 12	4
TRATSCZ12903CDAF86	2015 01	13
TRATSCZ12903CDAF86	2015 02	2
TRATSCZ12903CDAF86	2015 03	5
TRATSCZ12903CDAF86	2015 04	5
TRATSCZ12903CDAF86	2015 05	5
TRATSCZ12903CDAF86	2015 06	3
TRATSCZ12903CDAF86	2015 07	8
TRATSCZ12903CDAF86	2015 08	1
TRATSCZ12903CDAF86	2015 09	6
TRATSCZ12903CDAF86	2015 10	3
TRATSCZ12903CDAF86	2015 11	4
TRATSCZ12903CDAF86	2015 12	3
TRATSCZ12903CDAF86	2016 01	6
TRATSCZ12903CDAF86	2016 02	8
TRATSCZ12903CDAF86	2016 03	3
TRATSCZ12903CDAF86	2016 04	4
TRATSCZ12903CDAF86	2016 05	5
TRATSCZ12903CDAF86	2016 06	3
TRATSCZ12903CDAF86	2016 07	5
TRATSCZ12903CDAF86	2016 08	2
TRATSCZ12903CDAF86	2016 09	4
TRATSCZ12903CDAF86	2016 10	8
TRATSCZ12903CDAF86	2016 11	7
TRATSCZ12903CDAF86	2016 12	10
TRATSCZ12903CDAF86	2017 01	8
TRATSCZ12903CDAF86	2017 02	5
TRATSCZ12903CDAF86	2017 03	7
TRATSCZ12903CDAF86	2017 04	5
TRATSCZ12903CDAF86	2017 05	7
TRATSCZ12903CDAF86	2017 06	8
TRATSCZ12903CDAF86	2017 07	6
TRATSCZ12903CDAF86	2017 08	5
TRATSCZ12903CDAF86	2017 09	2
TRATSCZ12903CDAF86	2017 10	7
TRATSCZ12903CDAF86	2017 11	3
TRATSCZ12903CDAF86	2017 12	7
TRATSCZ12903CDAF86	2018 01	7
TRATSCZ12903CDAF86	2018 02	7
TRATSCZ12903CDAF86	2018 03	5
TRATSCZ12903CDAF86	2018 04	6
TRATSCZ12903CDAF86	2018 05	9
TRATSCZ12903CDAF86	2018 06	6
TRATSCZ12903CDAF86	2018 07	5
TRATSCZ12903CDAF86	2018 08	8
TRATSDF128F93023EB	2014 01	2
TRATSDF128F93023EB	2014 02	6
TRATSDF128F93023EB	2014 03	5
TRATSDF128F93023EB	2014 04	5
TRATSDF128F93023EB	2014 05	8
TRATSDF128F93023EB	2014 06	6
TRATSDF128F93023EB	2014 07	7
TRATSDF128F93023EB	2014 08	7
TRATSDF128F93023EB	2014 09	6
TRATSDF128F93023EB	2014 10	2
TRATSDF128F93023EB	2014 11	6
TRATSDF128F93023EB	2014 12	4
TRATSDF128F93023EB	2015 01	6
TRATSDF128F93023EB	2015 02	6
TRATSDF128F93023EB	2015 03	3
TRATSDF128F93023EB	2015 04	13
TRATSDF128F93023EB	2015 05	5
TRATSDF128F93023EB	2015 06	6
TRATSDF128F93023EB	2015 07	12
TRATSDF128F93023EB	2015 08	6
TRATSDF128F93023EB	2015 09	6
TRATSDF128F93023EB	2015 10	3
TRATSDF128F93023EB	2015 11	4
TRATSDF128F93023EB	2015 12	6
TRATSDF128F93023EB	2016 01	11
TRATSDF128F93023EB	2016 02	4
TRATSDF128F93023EB	2016 03	1
TRATSDF128F93023EB	2016 04	3
TRATSDF128F93023EB	2016 05	4
TRATSDF128F93023EB	2016 06	5
TRATSDF128F93023EB	2016 07	2
TRATSDF128F93023EB	2016 08	9
TRATSDF128F93023EB	2016 09	8
TRATSDF128F93023EB	2016 10	4
TRATSDF128F93023EB	2016 11	3
TRATSDF128F93023EB	2016 12	4
TRATSDF128F93023EB	2017 01	7
TRATSDF128F93023EB	2017 02	3
TRATSDF128F93023EB	2017 03	4
TRATSDF128F93023EB	2017 04	3
TRATSDF128F93023EB	2017 05	2
TRATSDF128F93023EB	2017 06	4
TRATSDF128F93023EB	2017 07	7
TRATSDF128F93023EB	2017 08	6
TRATSDF128F93023EB	2017 09	3
TRATSDF128F93023EB	2017 10	7
TRATSDF128F93023EB	2017 11	5
TRATSDF128F93023EB	2017 12	5
TRATSDF128F93023EB	2018 01	7
TRATSDF128F93023EB	2018 02	6
TRATSDF128F93023EB	2018 03	9
TRATSDF128F93023EB	2018 04	3
TRATSDF128F93023EB	2018 05	2
TRATSDF128F93023EB	2018 06	3
TRATSDF128F93023EB	2018 07	5
TRATSDF128F93023EB	2018 08	2
TRATSFS12903D03730	2014 01	6
TRATSFS12903D03730	2014 02	7
TRATSFS12903D03730	2014 03	5
TRATSFS12903D03730	2014 04	6
TRATSFS12903D03730	2014 05	3
TRATSFS12903D03730	2014 06	7
TRATSFS12903D03730	2014 07	8
TRATSFS12903D03730	2014 08	6
TRATSFS12903D03730	2014 09	1
TRATSFS12903D03730	2014 10	7
TRATSFS12903D03730	2014 11	4
TRATSFS12903D03730	2014 12	7
TRATSFS12903D03730	2015 01	1
TRATSFS12903D03730	2015 02	6
TRATSFS12903D03730	2015 03	3
TRATSFS12903D03730	2015 04	6
TRATSFS12903D03730	2015 05	5
TRATSFS12903D03730	2015 06	7
TRATSFS12903D03730	2015 07	3
TRATSFS12903D03730	2015 08	1
TRATSFS12903D03730	2015 09	6
TRATSFS12903D03730	2015 10	3
TRATSFS12903D03730	2015 11	8
TRATSFS12903D03730	2015 12	7
TRATSFS12903D03730	2016 01	6
TRATSFS12903D03730	2016 02	3
TRATSFS12903D03730	2016 03	6
TRATSFS12903D03730	2016 04	5
TRATSFS12903D03730	2016 05	3
TRATSFS12903D03730	2016 06	9
TRATSFS12903D03730	2016 07	2
TRATSFS12903D03730	2016 08	10
TRATSFS12903D03730	2016 09	7
TRATSFS12903D03730	2016 10	8
TRATSFS12903D03730	2016 11	8
TRATSFS12903D03730	2016 12	3
TRATSFS12903D03730	2017 01	8
TRATSFS12903D03730	2017 02	6
TRATSFS12903D03730	2017 03	3
TRATSFS12903D03730	2017 04	6
TRATSFS12903D03730	2017 05	4
TRATSFS12903D03730	2017 06	3
TRATSFS12903D03730	2017 07	3
TRATSFS12903D03730	2017 08	2
TRATSFS12903D03730	2017 09	4
TRATSFS12903D03730	2017 10	5
TRATSFS12903D03730	2017 11	6
TRATSFS12903D03730	2017 12	6
TRATSFS12903D03730	2018 01	9
TRATSFS12903D03730	2018 02	6
TRATSFS12903D03730	2018 03	6
TRATSFS12903D03730	2018 04	3
TRATSFS12903D03730	2018 05	9
TRATSFS12903D03730	2018 06	3
TRATSFS12903D03730	2018 07	3
TRATSFS12903D03730	2018 08	8
TRATSGT12903CDC943	2014 02	5
TRATSGT12903CDC943	2014 03	4
TRATSGT12903CDC943	2014 04	5
TRATSGT12903CDC943	2014 05	4
TRATSGT12903CDC943	2014 06	11
TRATSGT12903CDC943	2014 07	1
TRATSGT12903CDC943	2014 08	6
TRATSGT12903CDC943	2014 09	11
TRATSGT12903CDC943	2014 10	5
TRATSGT12903CDC943	2014 11	7
TRATSGT12903CDC943	2014 12	3
TRATSGT12903CDC943	2015 01	3
TRATSGT12903CDC943	2015 02	3
TRATSGT12903CDC943	2015 03	4
TRATSGT12903CDC943	2015 04	3
TRATSGT12903CDC943	2015 05	3
TRATSGT12903CDC943	2015 06	7
TRATSGT12903CDC943	2015 07	5
TRATSGT12903CDC943	2015 08	2
TRATSGT12903CDC943	2015 09	5
TRATSGT12903CDC943	2015 10	5
TRATSGT12903CDC943	2015 11	4
TRATSGT12903CDC943	2015 12	3
TRATSGT12903CDC943	2016 01	9
TRATSGT12903CDC943	2016 02	8
TRATSGT12903CDC943	2016 03	1
TRATSGT12903CDC943	2016 04	1
TRATSGT12903CDC943	2016 05	4
TRATSGT12903CDC943	2016 06	7
TRATSGT12903CDC943	2016 07	2
TRATSGT12903CDC943	2016 08	4
TRATSGT12903CDC943	2016 09	5
TRATSGT12903CDC943	2016 10	4
TRATSGT12903CDC943	2016 11	10
TRATSGT12903CDC943	2016 12	6
TRATSGT12903CDC943	2017 01	1
TRATSGT12903CDC943	2017 02	5
TRATSGT12903CDC943	2017 03	7
TRATSGT12903CDC943	2017 04	5
TRATSGT12903CDC943	2017 05	2
TRATSGT12903CDC943	2017 06	6
TRATSGT12903CDC943	2017 07	6
TRATSGT12903CDC943	2017 08	2
TRATSGT12903CDC943	2017 09	9
TRATSGT12903CDC943	2017 10	5
TRATSGT12903CDC943	2017 11	6
TRATSGT12903CDC943	2017 12	7
TRATSGT12903CDC943	2018 01	3
TRATSGT12903CDC943	2018 02	7
TRATSGT12903CDC943	2018 03	4
TRATSGT12903CDC943	2018 04	10
TRATSGT12903CDC943	2018 05	6
TRATSGT12903CDC943	2018 06	3
TRATSGT12903CDC943	2018 07	5
TRATSGT12903CDC943	2018 08	13
TRATSJR128EF34E1F3	2014 01	4
TRATSJR128EF34E1F3	2014 02	5
TRATSJR128EF34E1F3	2014 03	5
TRATSJR128EF34E1F3	2014 04	7
TRATSJR128EF34E1F3	2014 05	6
TRATSJR128EF34E1F3	2014 06	9
TRATSJR128EF34E1F3	2014 07	6
TRATSJR128EF34E1F3	2014 08	3
TRATSJR128EF34E1F3	2014 09	8
TRATSJR128EF34E1F3	2014 10	6
TRATSJR128EF34E1F3	2014 11	7
TRATSJR128EF34E1F3	2014 12	5
TRATSJR128EF34E1F3	2015 01	7
TRATSJR128EF34E1F3	2015 02	4
TRATSJR128EF34E1F3	2015 03	11
TRATSJR128EF34E1F3	2015 04	5
TRATSJR128EF34E1F3	2015 05	8
TRATSJR128EF34E1F3	2015 06	5
TRATSJR128EF34E1F3	2015 07	3
TRATSJR128EF34E1F3	2015 08	7
TRATSJR128EF34E1F3	2015 09	4
TRATSJR128EF34E1F3	2015 10	5
TRATSJR128EF34E1F3	2015 11	5
TRATSJR128EF34E1F3	2015 12	10
TRATSJR128EF34E1F3	2016 01	4
TRATSJR128EF34E1F3	2016 02	4
TRATSJR128EF34E1F3	2016 03	7
TRATSJR128EF34E1F3	2016 04	3
TRATSJR128EF34E1F3	2016 05	5
TRATSJR128EF34E1F3	2016 06	10
TRATSJR128EF34E1F3	2016 07	3
TRATSJR128EF34E1F3	2016 08	7
TRATSJR128EF34E1F3	2016 09	11
TRATSJR128EF34E1F3	2016 10	7
TRATSJR128EF34E1F3	2016 11	7
TRATSJR128EF34E1F3	2016 12	5
TRATSJR128EF34E1F3	2017 01	7
TRATSJR128EF34E1F3	2017 02	7
TRATSJR128EF34E1F3	2017 03	9
TRATSJR128EF34E1F3	2017 04	5
TRATSJR128EF34E1F3	2017 05	9
TRATSJR128EF34E1F3	2017 06	12
TRATSJR128EF34E1F3	2017 07	5
TRATSJR128EF34E1F3	2017 08	5
TRATSJR128EF34E1F3	2017 09	6
TRATSJR128EF34E1F3	2017 10	6
TRATSJR128EF34E1F3	2017 11	3
TRATSJR128EF34E1F3	2017 12	6
TRATSJR128EF34E1F3	2018 01	3
TRATSJR128EF34E1F3	2018 02	8
TRATSJR128EF34E1F3	2018 03	5
TRATSJR128EF34E1F3	2018 04	4
TRATSJR128EF34E1F3	2018 05	6
TRATSJR128EF34E1F3	2018 06	5
TRATSJR128EF34E1F3	2018 07	3
TRATSJR128EF34E1F3	2018 08	3
TRATSKB12903CBCB27	2014 01	1
TRATSKB12903CBCB27	2014 02	2
TRATSKB12903CBCB27	2014 03	5
TRATSKB12903CBCB27	2014 04	4
TRATSKB12903CBCB27	2014 05	3
TRATSKB12903CBCB27	2014 06	3
TRATSKB12903CBCB27	2014 07	4
TRATSKB12903CBCB27	2014 08	3
TRATSKB12903CBCB27	2014 09	6
TRATSKB12903CBCB27	2014 10	5
TRATSKB12903CBCB27	2014 11	3
TRATSKB12903CBCB27	2014 12	7
TRATSKB12903CBCB27	2015 01	5
TRATSKB12903CBCB27	2015 02	5
TRATSKB12903CBCB27	2015 03	3
TRATSKB12903CBCB27	2015 04	5
TRATSKB12903CBCB27	2015 05	4
TRATSKB12903CBCB27	2015 06	8
TRATSKB12903CBCB27	2015 07	3
TRATSKB12903CBCB27	2015 08	10
TRATSKB12903CBCB27	2015 09	8
TRATSKB12903CBCB27	2015 10	5
TRATSKB12903CBCB27	2015 11	7
TRATSKB12903CBCB27	2015 12	1
TRATSKB12903CBCB27	2016 01	9
TRATSKB12903CBCB27	2016 02	4
TRATSKB12903CBCB27	2016 03	7
TRATSKB12903CBCB27	2016 04	2
TRATSKB12903CBCB27	2016 05	5
TRATSKB12903CBCB27	2016 06	3
TRATSKB12903CBCB27	2016 07	1
TRATSKB12903CBCB27	2016 08	8
TRATSKB12903CBCB27	2016 09	7
TRATSKB12903CBCB27	2016 10	4
TRATSKB12903CBCB27	2016 11	4
TRATSKB12903CBCB27	2016 12	4
TRATSKB12903CBCB27	2017 01	7
TRATSKB12903CBCB27	2017 02	2
TRATSKB12903CBCB27	2017 03	5
TRATSKB12903CBCB27	2017 04	8
TRATSKB12903CBCB27	2017 05	6
TRATSKB12903CBCB27	2017 06	7
TRATSKB12903CBCB27	2017 07	3
TRATSKB12903CBCB27	2017 08	5
TRATSKB12903CBCB27	2017 09	4
TRATSKB12903CBCB27	2017 10	5
TRATSKB12903CBCB27	2017 11	9
TRATSKB12903CBCB27	2017 12	1
TRATSKB12903CBCB27	2018 01	6
TRATSKB12903CBCB27	2018 02	4
TRATSKB12903CBCB27	2018 03	5
TRATSKB12903CBCB27	2018 04	5
TRATSKB12903CBCB27	2018 05	4
TRATSKB12903CBCB27	2018 06	5
TRATSKB12903CBCB27	2018 07	3
TRATSKB12903CBCB27	2018 08	7
TRATSMF128F92ED742	2014 01	3
TRATSMF128F92ED742	2014 02	5
TRATSMF128F92ED742	2014 03	6
TRATSMF128F92ED742	2014 04	6
TRATSMF128F92ED742	2014 05	6
TRATSMF128F92ED742	2014 06	9
TRATSMF128F92ED742	2014 07	6
TRATSMF128F92ED742	2014 08	9
TRATSMF128F92ED742	2014 09	6
TRATSMF128F92ED742	2014 10	7
TRATSMF128F92ED742	2014 11	6
TRATSMF128F92ED742	2014 12	3
TRATSMF128F92ED742	2015 01	7
TRATSMF128F92ED742	2015 02	3
TRATSMF128F92ED742	2015 03	3
TRATSMF128F92ED742	2015 04	7
TRATSMF128F92ED742	2015 05	7
TRATSMF128F92ED742	2015 06	7
TRATSMF128F92ED742	2015 07	7
TRATSMF128F92ED742	2015 08	3
TRATSMF128F92ED742	2015 09	11
TRATSMF128F92ED742	2015 10	11
TRATSMF128F92ED742	2015 11	5
TRATSMF128F92ED742	2015 12	3
TRATSMF128F92ED742	2016 01	5
TRATSMF128F92ED742	2016 02	4
TRATSMF128F92ED742	2016 03	6
TRATSMF128F92ED742	2016 04	8
TRATSMF128F92ED742	2016 05	5
TRATSMF128F92ED742	2016 06	6
TRATSMF128F92ED742	2016 07	6
TRATSMF128F92ED742	2016 08	7
TRATSMF128F92ED742	2016 09	7
TRATSMF128F92ED742	2016 10	6
TRATSMF128F92ED742	2016 11	4
TRATSMF128F92ED742	2017 01	4
TRATSMF128F92ED742	2017 02	11
TRATSMF128F92ED742	2017 03	4
TRATSMF128F92ED742	2017 04	5
TRATSMF128F92ED742	2017 05	2
TRATSMF128F92ED742	2017 06	7
TRATSMF128F92ED742	2017 07	11
TRATSMF128F92ED742	2017 08	11
TRATSMF128F92ED742	2017 09	3
TRATSMF128F92ED742	2017 10	3
TRATSMF128F92ED742	2017 11	3
TRATSMF128F92ED742	2017 12	6
TRATSMF128F92ED742	2018 01	9
TRATSMF128F92ED742	2018 02	8
TRATSMF128F92ED742	2018 03	4
TRATSMF128F92ED742	2018 04	7
TRATSMF128F92ED742	2018 05	11
TRATSMF128F92ED742	2018 06	3
TRATSMF128F92ED742	2018 07	2
TRATSMF128F92ED742	2018 08	4
TRATSNJ12903D0A109	2014 01	10
TRATSNJ12903D0A109	2014 02	4
TRATSNJ12903D0A109	2014 03	9
TRATSNJ12903D0A109	2014 04	7
TRATSNJ12903D0A109	2014 05	5
TRATSNJ12903D0A109	2014 06	4
TRATSNJ12903D0A109	2014 07	7
TRATSNJ12903D0A109	2014 08	7
TRATSNJ12903D0A109	2014 09	5
TRATSNJ12903D0A109	2014 10	10
TRATSNJ12903D0A109	2014 11	6
TRATSNJ12903D0A109	2014 12	4
TRATSNJ12903D0A109	2015 01	10
TRATSNJ12903D0A109	2015 02	8
TRATSNJ12903D0A109	2015 03	6
TRATSNJ12903D0A109	2015 04	2
TRATSNJ12903D0A109	2015 05	3
TRATSNJ12903D0A109	2015 06	8
TRATSNJ12903D0A109	2015 07	3
TRATSNJ12903D0A109	2015 08	3
TRATSNJ12903D0A109	2015 09	5
TRATSNJ12903D0A109	2015 10	5
TRATSNJ12903D0A109	2015 11	6
TRATSNJ12903D0A109	2015 12	3
TRATSNJ12903D0A109	2016 01	5
TRATSNJ12903D0A109	2016 02	9
TRATSNJ12903D0A109	2016 03	6
TRATSNJ12903D0A109	2016 04	6
TRATSNJ12903D0A109	2016 05	3
TRATSNJ12903D0A109	2016 06	10
TRATSNJ12903D0A109	2016 07	8
TRATSNJ12903D0A109	2016 08	3
TRATSNJ12903D0A109	2016 09	12
TRATSNJ12903D0A109	2016 10	9
TRATSNJ12903D0A109	2016 11	4
TRATSNJ12903D0A109	2016 12	6
TRATSNJ12903D0A109	2017 01	5
TRATSNJ12903D0A109	2017 02	4
TRATSNJ12903D0A109	2017 03	4
TRATSNJ12903D0A109	2017 04	6
TRATSNJ12903D0A109	2017 05	6
TRATSNJ12903D0A109	2017 06	2
TRATSNJ12903D0A109	2017 07	5
TRATSNJ12903D0A109	2017 08	6
TRATSNJ12903D0A109	2017 09	4
TRATSNJ12903D0A109	2017 10	13
TRATSNJ12903D0A109	2017 11	4
TRATSNJ12903D0A109	2017 12	7
TRATSNJ12903D0A109	2018 01	5
TRATSNJ12903D0A109	2018 02	5
TRATSNJ12903D0A109	2018 03	6
TRATSNJ12903D0A109	2018 04	7
TRATSNJ12903D0A109	2018 05	5
TRATSNJ12903D0A109	2018 06	2
TRATSNJ12903D0A109	2018 07	5
TRATSNJ12903D0A109	2018 08	4
TRATSRJ128F934312F	2014 01	2
TRATSRJ128F934312F	2014 02	7
TRATSRJ128F934312F	2014 03	3
TRATSRJ128F934312F	2014 04	8
TRATSRJ128F934312F	2014 05	7
TRATSRJ128F934312F	2014 06	4
TRATSRJ128F934312F	2014 07	8
TRATSRJ128F934312F	2014 08	12
TRATSRJ128F934312F	2014 09	4
TRATSRJ128F934312F	2014 10	4
TRATSRJ128F934312F	2014 11	8
TRATSRJ128F934312F	2014 12	5
TRATSRJ128F934312F	2015 01	4
TRATSRJ128F934312F	2015 02	4
TRATSRJ128F934312F	2015 03	11
TRATSRJ128F934312F	2015 04	5
TRATSRJ128F934312F	2015 05	6
TRATSRJ128F934312F	2015 06	5
TRATSRJ128F934312F	2015 07	3
TRATSRJ128F934312F	2015 08	10
TRATSRJ128F934312F	2015 09	6
TRATSRJ128F934312F	2015 10	3
TRATSRJ128F934312F	2015 11	7
TRATSRJ128F934312F	2015 12	3
TRATSRJ128F934312F	2016 01	5
TRATSRJ128F934312F	2016 02	4
TRATSRJ128F934312F	2016 03	8
TRATSRJ128F934312F	2016 04	7
TRATSRJ128F934312F	2016 05	3
TRATSRJ128F934312F	2016 06	3
TRATSRJ128F934312F	2016 07	11
TRATSRJ128F934312F	2016 08	6
TRATSRJ128F934312F	2016 09	7
TRATSRJ128F934312F	2016 10	12
TRATSRJ128F934312F	2016 11	5
TRATSRJ128F934312F	2016 12	8
TRATSRJ128F934312F	2017 01	8
TRATSRJ128F934312F	2017 02	3
TRATSRJ128F934312F	2017 03	4
TRATSRJ128F934312F	2017 05	8
TRATSRJ128F934312F	2017 06	4
TRATSRJ128F934312F	2017 07	6
TRATSRJ128F934312F	2017 08	2
TRATSRJ128F934312F	2017 09	7
TRATSRJ128F934312F	2017 10	4
TRATSRJ128F934312F	2017 11	7
TRATSRJ128F934312F	2017 12	6
TRATSRJ128F934312F	2018 01	7
TRATSRJ128F934312F	2018 02	3
TRATSRJ128F934312F	2018 03	6
TRATSRJ128F934312F	2018 04	3
TRATSRJ128F934312F	2018 05	4
TRATSRJ128F934312F	2018 06	3
TRATSRJ128F934312F	2018 07	5
TRATSRJ128F934312F	2018 08	6
TRATSRJ128F934312F	2018 09	1
TRATTFD128F92F416F	2014 01	10
TRATTFD128F92F416F	2014 02	2
TRATTFD128F92F416F	2014 03	6
TRATTFD128F92F416F	2014 04	3
TRATTFD128F92F416F	2014 05	5
TRATTFD128F92F416F	2014 06	8
TRATTFD128F92F416F	2014 07	3
TRATTFD128F92F416F	2014 08	7
TRATTFD128F92F416F	2014 09	10
TRATTFD128F92F416F	2014 10	5
TRATTFD128F92F416F	2014 11	9
TRATTFD128F92F416F	2014 12	7
TRATTFD128F92F416F	2015 01	6
TRATTFD128F92F416F	2015 02	5
TRATTFD128F92F416F	2015 03	8
TRATTFD128F92F416F	2015 04	1
TRATTFD128F92F416F	2015 05	8
TRATTFD128F92F416F	2015 06	7
TRATTFD128F92F416F	2015 07	10
TRATTFD128F92F416F	2015 08	4
TRATTFD128F92F416F	2015 09	4
TRATTFD128F92F416F	2015 10	3
TRATTFD128F92F416F	2015 11	4
TRATTFD128F92F416F	2015 12	6
TRATTFD128F92F416F	2016 01	7
TRATTFD128F92F416F	2016 02	7
TRATTFD128F92F416F	2016 03	7
TRATTFD128F92F416F	2016 04	7
TRATTFD128F92F416F	2016 05	6
TRATTFD128F92F416F	2016 06	10
TRATTFD128F92F416F	2016 07	6
TRATTFD128F92F416F	2016 08	6
TRATTFD128F92F416F	2016 09	3
TRATTFD128F92F416F	2016 10	5
TRATTFD128F92F416F	2016 11	2
TRATTFD128F92F416F	2016 12	6
TRATTFD128F92F416F	2017 01	8
TRATTFD128F92F416F	2017 02	4
TRATTFD128F92F416F	2017 03	2
TRATTFD128F92F416F	2017 04	8
TRATTFD128F92F416F	2017 05	6
TRATTFD128F92F416F	2017 06	2
TRATTFD128F92F416F	2017 07	7
TRATTFD128F92F416F	2017 08	4
TRATTFD128F92F416F	2017 09	4
TRATTFD128F92F416F	2017 10	9
TRATTFD128F92F416F	2017 11	8
TRATTFD128F92F416F	2017 12	7
TRATTFD128F92F416F	2018 01	8
TRATTFD128F92F416F	2018 02	3
TRATTFD128F92F416F	2018 03	7
TRATTFD128F92F416F	2018 04	5
TRATTFD128F92F416F	2018 05	6
TRATTFD128F92F416F	2018 06	7
TRATTFD128F92F416F	2018 07	9
TRATTFD128F92F416F	2018 08	4
TRATTGV12903CD1A58	2014 01	7
TRATTGV12903CD1A58	2014 02	4
TRATTGV12903CD1A58	2014 03	6
TRATTGV12903CD1A58	2014 04	8
TRATTGV12903CD1A58	2014 05	6
TRATTGV12903CD1A58	2014 06	11
TRATTGV12903CD1A58	2014 07	4
TRATTGV12903CD1A58	2014 08	1
TRATTGV12903CD1A58	2014 09	4
TRATTGV12903CD1A58	2014 10	4
TRATTGV12903CD1A58	2014 11	3
TRATTGV12903CD1A58	2014 12	6
TRATTGV12903CD1A58	2015 01	8
TRATTGV12903CD1A58	2015 03	2
TRATTGV12903CD1A58	2015 04	5
TRATTGV12903CD1A58	2015 05	4
TRATTGV12903CD1A58	2015 06	4
TRATTGV12903CD1A58	2015 07	5
TRATTGV12903CD1A58	2015 08	5
TRATTGV12903CD1A58	2015 09	9
TRATTGV12903CD1A58	2015 10	4
TRATTGV12903CD1A58	2015 11	9
TRATTGV12903CD1A58	2015 12	8
TRATTGV12903CD1A58	2016 01	2
TRATTGV12903CD1A58	2016 02	4
TRATTGV12903CD1A58	2016 03	4
TRATTGV12903CD1A58	2016 04	4
TRATTGV12903CD1A58	2016 05	4
TRATTGV12903CD1A58	2016 06	3
TRATTGV12903CD1A58	2016 07	4
TRATTGV12903CD1A58	2016 08	2
TRATTGV12903CD1A58	2016 09	9
TRATTGV12903CD1A58	2016 10	5
TRATTGV12903CD1A58	2016 11	5
TRATTGV12903CD1A58	2016 12	9
TRATTGV12903CD1A58	2017 01	7
TRATTGV12903CD1A58	2017 02	7
TRATTGV12903CD1A58	2017 03	3
TRATTGV12903CD1A58	2017 04	5
TRATTGV12903CD1A58	2017 05	3
TRATTGV12903CD1A58	2017 06	7
TRATTGV12903CD1A58	2017 07	4
TRATTGV12903CD1A58	2017 08	8
TRATTGV12903CD1A58	2017 09	5
TRATTGV12903CD1A58	2017 10	7
TRATTGV12903CD1A58	2017 11	6
TRATTGV12903CD1A58	2017 12	8
TRATTGV12903CD1A58	2018 01	1
TRATTGV12903CD1A58	2018 02	3
TRATTGV12903CD1A58	2018 03	4
TRATTGV12903CD1A58	2018 04	3
TRATTGV12903CD1A58	2018 05	3
TRATTGV12903CD1A58	2018 06	4
TRATTGV12903CD1A58	2018 07	7
TRATTGV12903CD1A58	2018 08	9
TRATTKA128F92F6AFA	2014 01	4
TRATTKA128F92F6AFA	2014 02	6
TRATTKA128F92F6AFA	2014 03	5
TRATTKA128F92F6AFA	2014 04	3
TRATTKA128F92F6AFA	2014 05	3
TRATTKA128F92F6AFA	2014 06	4
TRATTKA128F92F6AFA	2014 07	4
TRATTKA128F92F6AFA	2014 08	8
TRATTKA128F92F6AFA	2014 09	9
TRATTKA128F92F6AFA	2014 10	3
TRATTKA128F92F6AFA	2014 11	4
TRATTKA128F92F6AFA	2014 12	8
TRATTKA128F92F6AFA	2015 01	6
TRATTKA128F92F6AFA	2015 02	6
TRATTKA128F92F6AFA	2015 03	7
TRATTKA128F92F6AFA	2015 04	6
TRATTKA128F92F6AFA	2015 05	2
TRATTKA128F92F6AFA	2015 06	7
TRATTKA128F92F6AFA	2015 07	5
TRATTKA128F92F6AFA	2015 08	4
TRATTKA128F92F6AFA	2015 09	5
TRATTKA128F92F6AFA	2015 10	6
TRATTKA128F92F6AFA	2015 11	3
TRATTKA128F92F6AFA	2015 12	9
TRATTKA128F92F6AFA	2016 01	2
TRATTKA128F92F6AFA	2016 02	7
TRATTKA128F92F6AFA	2016 03	1
TRATTKA128F92F6AFA	2016 04	7
TRATTKA128F92F6AFA	2016 05	4
TRATTKA128F92F6AFA	2016 06	7
TRATTKA128F92F6AFA	2016 07	5
TRATTKA128F92F6AFA	2016 08	6
TRATTKA128F92F6AFA	2016 09	4
TRATTKA128F92F6AFA	2016 10	7
TRATTKA128F92F6AFA	2016 11	3
TRATTKA128F92F6AFA	2016 12	6
TRATTKA128F92F6AFA	2017 01	8
TRATTKA128F92F6AFA	2017 02	1
TRATTKA128F92F6AFA	2017 03	7
TRATTKA128F92F6AFA	2017 04	2
TRATTKA128F92F6AFA	2017 05	6
TRATTKA128F92F6AFA	2017 06	3
TRATTKA128F92F6AFA	2017 07	8
TRATTKA128F92F6AFA	2017 08	5
TRATTKA128F92F6AFA	2017 09	4
TRATTKA128F92F6AFA	2017 10	8
TRATTKA128F92F6AFA	2017 11	5
TRATTKA128F92F6AFA	2017 12	3
TRATTKA128F92F6AFA	2018 01	7
TRATTKA128F92F6AFA	2018 02	2
TRATTKA128F92F6AFA	2018 03	7
TRATTKA128F92F6AFA	2018 04	4
TRATTKA128F92F6AFA	2018 05	3
TRATTKA128F92F6AFA	2018 06	4
TRATTKA128F92F6AFA	2018 07	7
TRATTKA128F92F6AFA	2018 08	1
TRATTMO12903CE0459	2014 01	8
TRATTMO12903CE0459	2014 02	6
TRATTMO12903CE0459	2014 03	4
TRATTMO12903CE0459	2014 04	5
TRATTMO12903CE0459	2014 05	7
TRATTMO12903CE0459	2014 06	6
TRATTMO12903CE0459	2014 07	5
TRATTMO12903CE0459	2014 08	8
TRATTMO12903CE0459	2014 09	10
TRATTMO12903CE0459	2014 10	3
TRATTMO12903CE0459	2014 11	3
TRATTMO12903CE0459	2014 12	10
TRATTMO12903CE0459	2015 01	4
TRATTMO12903CE0459	2015 02	8
TRATTMO12903CE0459	2015 03	6
TRATTMO12903CE0459	2015 04	5
TRATTMO12903CE0459	2015 05	3
TRATTMO12903CE0459	2015 06	2
TRATTMO12903CE0459	2015 07	6
TRATTMO12903CE0459	2015 08	4
TRATTMO12903CE0459	2015 09	3
TRATTMO12903CE0459	2015 10	5
TRATTMO12903CE0459	2015 11	8
TRATTMO12903CE0459	2015 12	7
TRATTMO12903CE0459	2016 01	4
TRATTMO12903CE0459	2016 02	11
TRATTMO12903CE0459	2016 03	5
TRATTMO12903CE0459	2016 04	5
TRATTMO12903CE0459	2016 05	5
TRATTMO12903CE0459	2016 06	4
TRATTMO12903CE0459	2016 07	5
TRATTMO12903CE0459	2016 08	5
TRATTMO12903CE0459	2016 09	3
TRATTMO12903CE0459	2016 10	6
TRATTMO12903CE0459	2016 11	9
TRATTMO12903CE0459	2016 12	11
TRATTMO12903CE0459	2017 01	11
TRATTMO12903CE0459	2017 02	6
TRATTMO12903CE0459	2017 03	3
TRATTMO12903CE0459	2017 04	4
TRATTMO12903CE0459	2017 05	9
TRATTMO12903CE0459	2017 06	4
TRATTMO12903CE0459	2017 07	5
TRATTMO12903CE0459	2017 08	3
TRATTMO12903CE0459	2017 09	9
TRATTMO12903CE0459	2017 10	8
TRATTMO12903CE0459	2017 11	3
TRATTMO12903CE0459	2017 12	6
TRATTMO12903CE0459	2018 01	6
TRATTMO12903CE0459	2018 02	5
TRATTMO12903CE0459	2018 03	6
TRATTMO12903CE0459	2018 04	5
TRATTMO12903CE0459	2018 05	6
TRATTMO12903CE0459	2018 06	11
TRATTMO12903CE0459	2018 07	7
TRATTMO12903CE0459	2018 08	8
TRATTMV128F426836E	2014 01	7
TRATTMV128F426836E	2014 02	4
TRATTMV128F426836E	2014 03	7
TRATTMV128F426836E	2014 04	4
TRATTMV128F426836E	2014 05	6
TRATTMV128F426836E	2014 06	6
TRATTMV128F426836E	2014 07	9
TRATTMV128F426836E	2014 08	5
TRATTMV128F426836E	2014 09	5
TRATTMV128F426836E	2014 10	4
TRATTMV128F426836E	2014 11	8
TRATTMV128F426836E	2014 12	5
TRATTMV128F426836E	2015 01	5
TRATTMV128F426836E	2015 02	7
TRATTMV128F426836E	2015 03	6
TRATTMV128F426836E	2015 04	8
TRATTMV128F426836E	2015 05	4
TRATTMV128F426836E	2015 06	5
TRATTMV128F426836E	2015 07	4
TRATTMV128F426836E	2015 08	7
TRATTMV128F426836E	2015 09	5
TRATTMV128F426836E	2015 10	6
TRATTMV128F426836E	2015 11	9
TRATTMV128F426836E	2015 12	7
TRATTMV128F426836E	2016 01	7
TRATTMV128F426836E	2016 02	4
TRATTMV128F426836E	2016 03	2
TRATTMV128F426836E	2016 04	13
TRATTMV128F426836E	2016 05	1
TRATTMV128F426836E	2016 06	3
TRATTMV128F426836E	2016 07	10
TRATTMV128F426836E	2016 08	2
TRATTMV128F426836E	2016 09	9
TRATTMV128F426836E	2016 10	2
TRATTMV128F426836E	2016 11	9
TRATTMV128F426836E	2016 12	7
TRATTMV128F426836E	2017 01	3
TRATTMV128F426836E	2017 02	6
TRATTMV128F426836E	2017 03	7
TRATTMV128F426836E	2017 04	5
TRATTMV128F426836E	2017 05	7
TRATTMV128F426836E	2017 06	4
TRATTMV128F426836E	2017 07	7
TRATTMV128F426836E	2017 08	4
TRATTMV128F426836E	2017 09	2
TRATTMV128F426836E	2017 10	7
TRATTMV128F426836E	2017 11	5
TRATTMV128F426836E	2017 12	9
TRATTMV128F426836E	2018 01	3
TRATTMV128F426836E	2018 02	6
TRATTMV128F426836E	2018 03	14
TRATTMV128F426836E	2018 04	6
TRATTMV128F426836E	2018 05	7
TRATTMV128F426836E	2018 06	4
TRATTMV128F426836E	2018 07	5
TRATTMV128F426836E	2018 08	7
TRATTNC128F9309BB3	2014 01	7
TRATTNC128F9309BB3	2014 02	5
TRATTNC128F9309BB3	2014 03	2
TRATTNC128F9309BB3	2014 04	11
TRATTNC128F9309BB3	2014 05	4
TRATTNC128F9309BB3	2014 06	4
TRATTNC128F9309BB3	2014 07	9
TRATTNC128F9309BB3	2014 08	8
TRATTNC128F9309BB3	2014 09	3
TRATTNC128F9309BB3	2014 10	3
TRATTNC128F9309BB3	2014 11	5
TRATTNC128F9309BB3	2014 12	11
TRATTNC128F9309BB3	2015 01	7
TRATTNC128F9309BB3	2015 02	3
TRATTNC128F9309BB3	2015 03	10
TRATTNC128F9309BB3	2015 04	3
TRATTNC128F9309BB3	2015 05	5
TRATTNC128F9309BB3	2015 06	6
TRATTNC128F9309BB3	2015 07	5
TRATTNC128F9309BB3	2015 08	8
TRATTNC128F9309BB3	2015 09	4
TRATTNC128F9309BB3	2015 10	2
TRATTNC128F9309BB3	2015 11	5
TRATTNC128F9309BB3	2015 12	7
TRATTNC128F9309BB3	2016 01	6
TRATTNC128F9309BB3	2016 02	7
TRATTNC128F9309BB3	2016 03	7
TRATTNC128F9309BB3	2016 04	5
TRATTNC128F9309BB3	2016 05	3
TRATTNC128F9309BB3	2016 06	4
TRATTNC128F9309BB3	2016 07	6
TRATTNC128F9309BB3	2016 08	5
TRATTNC128F9309BB3	2016 09	3
TRATTNC128F9309BB3	2016 10	5
TRATTNC128F9309BB3	2016 11	4
TRATTNC128F9309BB3	2016 12	7
TRATTNC128F9309BB3	2017 01	5
TRATTNC128F9309BB3	2017 02	5
TRATTNC128F9309BB3	2017 03	5
TRATTNC128F9309BB3	2017 04	6
TRATTNC128F9309BB3	2017 05	4
TRATTNC128F9309BB3	2017 06	9
TRATTNC128F9309BB3	2017 07	4
TRATTNC128F9309BB3	2017 08	4
TRATTNC128F9309BB3	2017 09	9
TRATTNC128F9309BB3	2017 10	3
TRATTNC128F9309BB3	2017 11	3
TRATTNC128F9309BB3	2017 12	3
TRATTNC128F9309BB3	2018 01	7
TRATTNC128F9309BB3	2018 02	8
TRATTNC128F9309BB3	2018 03	5
TRATTNC128F9309BB3	2018 04	5
TRATTNC128F9309BB3	2018 05	6
TRATTNC128F9309BB3	2018 06	4
TRATTNC128F9309BB3	2018 07	7
TRATTNC128F9309BB3	2018 08	7
TRATTQX128F428DF29	2014 01	5
TRATTQX128F428DF29	2014 02	5
TRATTQX128F428DF29	2014 03	4
TRATTQX128F428DF29	2014 04	7
TRATTQX128F428DF29	2014 05	4
TRATTQX128F428DF29	2014 06	10
TRATTQX128F428DF29	2014 07	6
TRATTQX128F428DF29	2014 08	5
TRATTQX128F428DF29	2014 09	5
TRATTQX128F428DF29	2014 10	8
TRATTQX128F428DF29	2014 11	6
TRATTQX128F428DF29	2014 12	7
TRATTQX128F428DF29	2015 01	5
TRATTQX128F428DF29	2015 02	7
TRATTQX128F428DF29	2015 03	13
TRATTQX128F428DF29	2015 04	8
TRATTQX128F428DF29	2015 05	5
TRATTQX128F428DF29	2015 06	4
TRATTQX128F428DF29	2015 07	5
TRATTQX128F428DF29	2015 08	6
TRATTQX128F428DF29	2015 09	2
TRATTQX128F428DF29	2015 10	3
TRATTQX128F428DF29	2015 11	7
TRATTQX128F428DF29	2015 12	8
TRATTQX128F428DF29	2016 01	1
TRATTQX128F428DF29	2016 02	1
TRATTQX128F428DF29	2016 03	5
TRATTQX128F428DF29	2016 04	7
TRATTQX128F428DF29	2016 05	7
TRATTQX128F428DF29	2016 06	7
TRATTQX128F428DF29	2016 07	9
TRATTQX128F428DF29	2016 08	5
TRATTQX128F428DF29	2016 09	2
TRATTQX128F428DF29	2016 10	3
TRATTQX128F428DF29	2016 11	6
TRATTQX128F428DF29	2016 12	7
TRATTQX128F428DF29	2017 01	6
TRATTQX128F428DF29	2017 02	9
TRATTQX128F428DF29	2017 03	10
TRATTQX128F428DF29	2017 04	5
TRATTQX128F428DF29	2017 05	12
TRATTQX128F428DF29	2017 06	6
TRATTQX128F428DF29	2017 07	6
TRATTQX128F428DF29	2017 08	8
TRATTQX128F428DF29	2017 09	3
TRATTQX128F428DF29	2017 10	9
TRATTQX128F428DF29	2017 11	7
TRATTQX128F428DF29	2017 12	2
TRATTQX128F428DF29	2018 01	8
TRATTQX128F428DF29	2018 02	4
TRATTQX128F428DF29	2018 03	6
TRATTQX128F428DF29	2018 04	7
TRATTQX128F428DF29	2018 05	4
TRATTQX128F428DF29	2018 06	6
TRATTQX128F428DF29	2018 07	8
TRATTQX128F428DF29	2018 08	5
TRATTWU128F42B356F	2014 01	6
TRATTWU128F42B356F	2014 02	6
TRATTWU128F42B356F	2014 03	4
TRATTWU128F42B356F	2014 04	6
TRATTWU128F42B356F	2014 05	5
TRATTWU128F42B356F	2014 06	9
TRATTWU128F42B356F	2014 07	7
TRATTWU128F42B356F	2014 08	5
TRATTWU128F42B356F	2014 09	2
TRATTWU128F42B356F	2014 10	12
TRATTWU128F42B356F	2014 11	4
TRATTWU128F42B356F	2014 12	9
TRATTWU128F42B356F	2015 01	5
TRATTWU128F42B356F	2015 02	6
TRATTWU128F42B356F	2015 03	8
TRATTWU128F42B356F	2015 04	3
TRATTWU128F42B356F	2015 05	4
TRATTWU128F42B356F	2015 06	3
TRATTWU128F42B356F	2015 07	4
TRATTWU128F42B356F	2015 08	5
TRATTWU128F42B356F	2015 09	8
TRATTWU128F42B356F	2015 10	6
TRATTWU128F42B356F	2015 11	9
TRATTWU128F42B356F	2015 12	6
TRATTWU128F42B356F	2016 01	2
TRATTWU128F42B356F	2016 02	5
TRATTWU128F42B356F	2016 03	7
TRATTWU128F42B356F	2016 04	6
TRATTWU128F42B356F	2016 05	5
TRATTWU128F42B356F	2016 06	7
TRATTWU128F42B356F	2016 07	11
TRATTWU128F42B356F	2016 08	2
TRATTWU128F42B356F	2016 09	5
TRATTWU128F42B356F	2016 10	9
TRATTWU128F42B356F	2016 11	4
TRATTWU128F42B356F	2016 12	6
TRATTWU128F42B356F	2017 01	5
TRATTWU128F42B356F	2017 02	1
TRATTWU128F42B356F	2017 03	3
TRATTWU128F42B356F	2017 04	6
TRATTWU128F42B356F	2017 05	5
TRATTWU128F42B356F	2017 06	5
TRATTWU128F42B356F	2017 07	9
TRATTWU128F42B356F	2017 08	6
TRATTWU128F42B356F	2017 09	3
TRATTWU128F42B356F	2017 10	8
TRATTWU128F42B356F	2017 11	5
TRATTWU128F42B356F	2017 12	9
TRATTWU128F42B356F	2018 01	6
TRATTWU128F42B356F	2018 02	6
TRATTWU128F42B356F	2018 03	8
TRATTWU128F42B356F	2018 04	5
TRATTWU128F42B356F	2018 05	8
TRATTWU128F42B356F	2018 06	2
TRATTWU128F42B356F	2018 07	4
TRATTWU128F42B356F	2018 08	5
TRATTZQ128F42283C5	2014 01	7
TRATTZQ128F42283C5	2014 02	3
TRATTZQ128F42283C5	2014 03	5
TRATTZQ128F42283C5	2014 04	7
TRATTZQ128F42283C5	2014 05	4
TRATTZQ128F42283C5	2014 06	6
TRATTZQ128F42283C5	2014 07	5
TRATTZQ128F42283C5	2014 08	6
TRATTZQ128F42283C5	2014 09	5
TRATTZQ128F42283C5	2014 10	4
TRATTZQ128F42283C5	2014 11	6
TRATTZQ128F42283C5	2014 12	7
TRATTZQ128F42283C5	2015 01	3
TRATTZQ128F42283C5	2015 02	8
TRATTZQ128F42283C5	2015 03	5
TRATTZQ128F42283C5	2015 04	7
TRATTZQ128F42283C5	2015 05	7
TRATTZQ128F42283C5	2015 06	8
TRATTZQ128F42283C5	2015 07	2
TRATTZQ128F42283C5	2015 08	7
TRATTZQ128F42283C5	2015 09	3
TRATTZQ128F42283C5	2015 10	8
TRATTZQ128F42283C5	2015 11	5
TRATTZQ128F42283C5	2015 12	6
TRATTZQ128F42283C5	2016 01	6
TRATTZQ128F42283C5	2016 02	6
TRATTZQ128F42283C5	2016 03	1
TRATTZQ128F42283C5	2016 04	6
TRATTZQ128F42283C5	2016 05	5
TRATTZQ128F42283C5	2016 06	5
TRATTZQ128F42283C5	2016 07	1
TRATTZQ128F42283C5	2016 08	5
TRATTZQ128F42283C5	2016 09	1
TRATTZQ128F42283C5	2016 10	5
TRATTZQ128F42283C5	2016 11	5
TRATTZQ128F42283C5	2016 12	7
TRATTZQ128F42283C5	2017 01	1
TRATTZQ128F42283C5	2017 02	5
TRATTZQ128F42283C5	2017 03	6
TRATTZQ128F42283C5	2017 04	7
TRATTZQ128F42283C5	2017 05	3
TRATTZQ128F42283C5	2017 06	6
TRATTZQ128F42283C5	2017 07	8
TRATTZQ128F42283C5	2017 08	5
TRATTZQ128F42283C5	2017 09	7
TRATTZQ128F42283C5	2017 10	4
TRATTZQ128F42283C5	2017 11	9
TRATTZQ128F42283C5	2017 12	10
TRATTZQ128F42283C5	2018 01	8
TRATTZQ128F42283C5	2018 02	3
TRATTZQ128F42283C5	2018 04	1
TRATTZQ128F42283C5	2018 05	7
TRATTZQ128F42283C5	2018 06	8
TRATTZQ128F42283C5	2018 07	10
TRATTZQ128F42283C5	2018 08	4
TRATTZU128E0798513	2014 01	5
TRATTZU128E0798513	2014 02	4
TRATTZU128E0798513	2014 03	6
TRATTZU128E0798513	2014 04	2
TRATTZU128E0798513	2014 05	4
TRATTZU128E0798513	2014 06	7
TRATTZU128E0798513	2014 07	6
TRATTZU128E0798513	2014 08	8
TRATTZU128E0798513	2014 09	3
TRATTZU128E0798513	2014 10	5
TRATTZU128E0798513	2014 11	8
TRATTZU128E0798513	2014 12	6
TRATTZU128E0798513	2015 01	6
TRATTZU128E0798513	2015 02	7
TRATTZU128E0798513	2015 03	5
TRATTZU128E0798513	2015 04	5
TRATTZU128E0798513	2015 05	9
TRATTZU128E0798513	2015 06	6
TRATTZU128E0798513	2015 07	8
TRATTZU128E0798513	2015 08	4
TRATTZU128E0798513	2015 09	10
TRATTZU128E0798513	2015 10	6
TRATTZU128E0798513	2015 11	5
TRATTZU128E0798513	2015 12	3
TRATTZU128E0798513	2016 01	8
TRATTZU128E0798513	2016 02	5
TRATTZU128E0798513	2016 03	4
TRATTZU128E0798513	2016 04	2
TRATTZU128E0798513	2016 05	3
TRATTZU128E0798513	2016 06	7
TRATTZU128E0798513	2016 07	4
TRATTZU128E0798513	2016 08	3
TRATTZU128E0798513	2016 09	2
TRATTZU128E0798513	2016 10	4
TRATTZU128E0798513	2016 11	5
TRATTZU128E0798513	2016 12	7
TRATTZU128E0798513	2017 01	2
TRATTZU128E0798513	2017 02	8
TRATTZU128E0798513	2017 03	4
TRATTZU128E0798513	2017 04	5
TRATTZU128E0798513	2017 05	5
TRATTZU128E0798513	2017 06	8
TRATTZU128E0798513	2017 07	14
TRATTZU128E0798513	2017 08	5
TRATTZU128E0798513	2017 09	9
TRATTZU128E0798513	2017 10	4
TRATTZU128E0798513	2017 11	9
TRATTZU128E0798513	2017 12	9
TRATTZU128E0798513	2018 01	6
TRATTZU128E0798513	2018 02	2
TRATTZU128E0798513	2018 03	4
TRATTZU128E0798513	2018 04	6
TRATTZU128E0798513	2018 05	1
TRATTZU128E0798513	2018 06	7
TRATTZU128E0798513	2018 07	5
TRATTZU128E0798513	2018 08	7
TRATTZU128E0798513	2018 09	1
TRATUCH12903CDFD5B	2014 01	4
TRATUCH12903CDFD5B	2014 02	3
TRATUCH12903CDFD5B	2014 03	8
TRATUCH12903CDFD5B	2014 04	3
TRATUCH12903CDFD5B	2014 05	8
TRATUCH12903CDFD5B	2014 06	9
TRATUCH12903CDFD5B	2014 07	5
TRATUCH12903CDFD5B	2014 08	4
TRATUCH12903CDFD5B	2014 09	5
TRATUCH12903CDFD5B	2014 10	5
TRATUCH12903CDFD5B	2014 11	3
TRATUCH12903CDFD5B	2014 12	10
TRATUCH12903CDFD5B	2015 01	9
TRATUCH12903CDFD5B	2015 02	5
TRATUCH12903CDFD5B	2015 03	7
TRATUCH12903CDFD5B	2015 04	9
TRATUCH12903CDFD5B	2015 05	9
TRATUCH12903CDFD5B	2015 06	3
TRATUCH12903CDFD5B	2015 07	8
TRATUCH12903CDFD5B	2015 08	10
TRATUCH12903CDFD5B	2015 09	3
TRATUCH12903CDFD5B	2015 10	7
TRATUCH12903CDFD5B	2015 11	8
TRATUCH12903CDFD5B	2015 12	7
TRATUCH12903CDFD5B	2016 01	8
TRATUCH12903CDFD5B	2016 02	6
TRATUCH12903CDFD5B	2016 03	3
TRATUCH12903CDFD5B	2016 04	7
TRATUCH12903CDFD5B	2016 05	5
TRATUCH12903CDFD5B	2016 06	6
TRATUCH12903CDFD5B	2016 07	8
TRATUCH12903CDFD5B	2016 08	6
TRATUCH12903CDFD5B	2016 09	7
TRATUCH12903CDFD5B	2016 10	4
TRATUCH12903CDFD5B	2016 11	7
TRATUCH12903CDFD5B	2016 12	5
TRATUCH12903CDFD5B	2017 01	5
TRATUCH12903CDFD5B	2017 02	4
TRATUCH12903CDFD5B	2017 03	1
TRATUCH12903CDFD5B	2017 04	3
TRATUCH12903CDFD5B	2017 05	7
TRATUCH12903CDFD5B	2017 06	5
TRATUCH12903CDFD5B	2017 07	7
TRATUCH12903CDFD5B	2017 08	6
TRATUCH12903CDFD5B	2017 09	7
TRATUCH12903CDFD5B	2017 10	6
TRATUCH12903CDFD5B	2017 11	3
TRATUCH12903CDFD5B	2017 12	9
TRATUCH12903CDFD5B	2018 01	4
TRATUCH12903CDFD5B	2018 02	7
TRATUCH12903CDFD5B	2018 03	8
TRATUCH12903CDFD5B	2018 04	6
TRATUCH12903CDFD5B	2018 05	7
TRATUCH12903CDFD5B	2018 06	4
TRATUCH12903CDFD5B	2018 07	5
TRATUCH12903CDFD5B	2018 08	4
TRATUCH12903CDFD5B	2018 09	1
TRATUHZ128F932847B	2014 01	4
TRATUHZ128F932847B	2014 02	2
TRATUHZ128F932847B	2014 03	9
TRATUHZ128F932847B	2014 04	6
TRATUHZ128F932847B	2014 05	6
TRATUHZ128F932847B	2014 06	7
TRATUHZ128F932847B	2014 07	5
TRATUHZ128F932847B	2014 08	7
TRATUHZ128F932847B	2014 09	1
TRATUHZ128F932847B	2014 10	7
TRATUHZ128F932847B	2014 11	3
TRATUHZ128F932847B	2014 12	8
TRATUHZ128F932847B	2015 01	9
TRATUHZ128F932847B	2015 02	11
TRATUHZ128F932847B	2015 03	3
TRATUHZ128F932847B	2015 04	2
TRATUHZ128F932847B	2015 05	6
TRATUHZ128F932847B	2015 06	4
TRATUHZ128F932847B	2015 07	8
TRATUHZ128F932847B	2015 08	6
TRATUHZ128F932847B	2015 09	1
TRATUHZ128F932847B	2015 10	9
TRATUHZ128F932847B	2015 11	1
TRATUHZ128F932847B	2015 12	2
TRATUHZ128F932847B	2016 01	8
TRATUHZ128F932847B	2016 02	7
TRATUHZ128F932847B	2016 03	5
TRATUHZ128F932847B	2016 04	10
TRATUHZ128F932847B	2016 05	3
TRATUHZ128F932847B	2016 06	7
TRATUHZ128F932847B	2016 07	6
TRATUHZ128F932847B	2016 08	10
TRATUHZ128F932847B	2016 09	6
TRATUHZ128F932847B	2016 10	4
TRATUHZ128F932847B	2016 11	5
TRATUHZ128F932847B	2016 12	8
TRATUHZ128F932847B	2017 01	4
TRATUHZ128F932847B	2017 02	6
TRATUHZ128F932847B	2017 03	3
TRATUHZ128F932847B	2017 04	7
TRATUHZ128F932847B	2017 05	5
TRATUHZ128F932847B	2017 06	5
TRATUHZ128F932847B	2017 07	4
TRATUHZ128F932847B	2017 08	5
TRATUHZ128F932847B	2017 09	4
TRATUHZ128F932847B	2017 10	3
TRATUHZ128F932847B	2017 11	3
TRATUHZ128F932847B	2017 12	6
TRATUHZ128F932847B	2018 01	1
TRATUHZ128F932847B	2018 02	4
TRATUHZ128F932847B	2018 03	6
TRATUHZ128F932847B	2018 04	5
TRATUHZ128F932847B	2018 05	6
TRATUHZ128F932847B	2018 06	7
TRATUHZ128F932847B	2018 07	11
TRATUHZ128F932847B	2018 08	10
TRATUJK128F429C591	2014 01	3
TRATUJK128F429C591	2014 02	4
TRATUJK128F429C591	2014 03	7
TRATUJK128F429C591	2014 04	5
TRATUJK128F429C591	2014 05	7
TRATUJK128F429C591	2014 06	5
TRATUJK128F429C591	2014 07	4
TRATUJK128F429C591	2014 08	4
TRATUJK128F429C591	2014 09	9
TRATUJK128F429C591	2014 10	7
TRATUJK128F429C591	2014 11	5
TRATUJK128F429C591	2014 12	4
TRATUJK128F429C591	2015 01	2
TRATUJK128F429C591	2015 02	3
TRATUJK128F429C591	2015 03	3
TRATUJK128F429C591	2015 04	2
TRATUJK128F429C591	2015 05	1
TRATUJK128F429C591	2015 06	7
TRATUJK128F429C591	2015 07	4
TRATUJK128F429C591	2015 08	7
TRATUJK128F429C591	2015 09	5
TRATUJK128F429C591	2015 10	4
TRATUJK128F429C591	2015 11	6
TRATUJK128F429C591	2015 12	3
TRATUJK128F429C591	2016 01	5
TRATUJK128F429C591	2016 02	4
TRATUJK128F429C591	2016 03	8
TRATUJK128F429C591	2016 04	4
TRATUJK128F429C591	2016 05	8
TRATUJK128F429C591	2016 06	8
TRATUJK128F429C591	2016 07	5
TRATUJK128F429C591	2016 08	5
TRATUJK128F429C591	2016 09	3
TRATUJK128F429C591	2016 10	10
TRATUJK128F429C591	2016 11	4
TRATUJK128F429C591	2016 12	4
TRATUJK128F429C591	2017 01	5
TRATUJK128F429C591	2017 02	3
TRATUJK128F429C591	2017 03	2
TRATUJK128F429C591	2017 04	4
TRATUJK128F429C591	2017 05	7
TRATUJK128F429C591	2017 06	10
TRATUJK128F429C591	2017 07	4
TRATUJK128F429C591	2017 08	8
TRATUJK128F429C591	2017 09	9
TRATUJK128F429C591	2017 10	5
TRATUJK128F429C591	2017 11	9
TRATUJK128F429C591	2017 12	4
TRATUJK128F429C591	2018 01	6
TRATUJK128F429C591	2018 02	3
TRATUJK128F429C591	2018 03	5
TRATUJK128F429C591	2018 04	8
TRATUJK128F429C591	2018 05	5
TRATUJK128F429C591	2018 06	4
TRATUJK128F429C591	2018 07	2
TRATUJK128F429C591	2018 08	6
TRATUKH128F426305B	2014 01	4
TRATUKH128F426305B	2014 02	5
TRATUKH128F426305B	2014 03	7
TRATUKH128F426305B	2014 04	4
TRATUKH128F426305B	2014 05	10
TRATUKH128F426305B	2014 07	6
TRATUKH128F426305B	2014 08	7
TRATUKH128F426305B	2014 09	7
TRATUKH128F426305B	2014 10	9
TRATUKH128F426305B	2014 11	9
TRATUKH128F426305B	2014 12	7
TRATUKH128F426305B	2015 01	4
TRATUKH128F426305B	2015 02	3
TRATUKH128F426305B	2015 03	4
TRATUKH128F426305B	2015 04	4
TRATUKH128F426305B	2015 05	3
TRATUKH128F426305B	2015 06	4
TRATUKH128F426305B	2015 07	3
TRATUKH128F426305B	2015 08	6
TRATUKH128F426305B	2015 09	5
TRATUKH128F426305B	2015 10	5
TRATUKH128F426305B	2015 11	3
TRATUKH128F426305B	2015 12	6
TRATUKH128F426305B	2016 01	9
TRATUKH128F426305B	2016 02	7
TRATUKH128F426305B	2016 03	10
TRATUKH128F426305B	2016 04	7
TRATUKH128F426305B	2016 05	8
TRATUKH128F426305B	2016 06	3
TRATUKH128F426305B	2016 07	8
TRATUKH128F426305B	2016 08	8
TRATUKH128F426305B	2016 09	5
TRATUKH128F426305B	2016 10	4
TRATUKH128F426305B	2016 11	5
TRATUKH128F426305B	2016 12	8
TRATUKH128F426305B	2017 01	5
TRATUKH128F426305B	2017 02	9
TRATUKH128F426305B	2017 03	3
TRATUKH128F426305B	2017 04	4
TRATUKH128F426305B	2017 05	5
TRATUKH128F426305B	2017 06	4
TRATUKH128F426305B	2017 07	6
TRATUKH128F426305B	2017 08	5
TRATUKH128F426305B	2017 09	6
TRATUKH128F426305B	2017 10	1
TRATUKH128F426305B	2017 11	3
TRATUKH128F426305B	2017 12	7
TRATUKH128F426305B	2018 01	3
TRATUKH128F426305B	2018 02	5
TRATUKH128F426305B	2018 03	10
TRATUKH128F426305B	2018 04	3
TRATUKH128F426305B	2018 05	5
TRATUKH128F426305B	2018 06	7
TRATUKH128F426305B	2018 07	3
TRATUKH128F426305B	2018 08	6
TRATULJ128F426BBB2	2014 01	6
TRATULJ128F426BBB2	2014 02	6
TRATULJ128F426BBB2	2014 03	6
TRATULJ128F426BBB2	2014 04	6
TRATULJ128F426BBB2	2014 05	7
TRATULJ128F426BBB2	2014 06	6
TRATULJ128F426BBB2	2014 07	4
TRATULJ128F426BBB2	2014 08	6
TRATULJ128F426BBB2	2014 09	10
TRATULJ128F426BBB2	2014 10	6
TRATULJ128F426BBB2	2014 11	5
TRATULJ128F426BBB2	2014 12	11
TRATULJ128F426BBB2	2015 01	5
TRATULJ128F426BBB2	2015 02	3
TRATULJ128F426BBB2	2015 03	3
TRATULJ128F426BBB2	2015 04	5
TRATULJ128F426BBB2	2015 05	7
TRATULJ128F426BBB2	2015 06	6
TRATULJ128F426BBB2	2015 07	7
TRATULJ128F426BBB2	2015 08	8
TRATULJ128F426BBB2	2015 09	4
TRATULJ128F426BBB2	2015 10	8
TRATULJ128F426BBB2	2015 11	6
TRATULJ128F426BBB2	2015 12	5
TRATULJ128F426BBB2	2016 01	5
TRATULJ128F426BBB2	2016 02	7
TRATULJ128F426BBB2	2016 03	3
TRATULJ128F426BBB2	2016 04	7
TRATULJ128F426BBB2	2016 05	5
TRATULJ128F426BBB2	2016 06	11
TRATULJ128F426BBB2	2016 07	10
TRATULJ128F426BBB2	2016 08	12
TRATULJ128F426BBB2	2016 09	2
TRATULJ128F426BBB2	2016 10	4
TRATULJ128F426BBB2	2016 11	8
TRATULJ128F426BBB2	2016 12	8
TRATULJ128F426BBB2	2017 01	7
TRATULJ128F426BBB2	2017 02	6
TRATULJ128F426BBB2	2017 03	1
TRATULJ128F426BBB2	2017 04	7
TRATULJ128F426BBB2	2017 05	1
TRATULJ128F426BBB2	2017 06	3
TRATULJ128F426BBB2	2017 07	5
TRATULJ128F426BBB2	2017 08	7
TRATULJ128F426BBB2	2017 09	6
TRATULJ128F426BBB2	2017 10	8
TRATULJ128F426BBB2	2017 11	5
TRATULJ128F426BBB2	2017 12	2
TRATULJ128F426BBB2	2018 01	4
TRATULJ128F426BBB2	2018 02	5
TRATULJ128F426BBB2	2018 03	6
TRATULJ128F426BBB2	2018 04	3
TRATULJ128F426BBB2	2018 05	4
TRATULJ128F426BBB2	2018 06	5
TRATULJ128F426BBB2	2018 07	5
TRATULJ128F426BBB2	2018 08	1
TRATUON128F92EC9D9	2014 01	7
TRATUON128F92EC9D9	2014 02	6
TRATUON128F92EC9D9	2014 03	6
TRATUON128F92EC9D9	2014 04	3
TRATUON128F92EC9D9	2014 05	4
TRATUON128F92EC9D9	2014 06	5
TRATUON128F92EC9D9	2014 07	2
TRATUON128F92EC9D9	2014 08	5
TRATUON128F92EC9D9	2014 09	7
TRATUON128F92EC9D9	2014 10	6
TRATUON128F92EC9D9	2014 11	12
TRATUON128F92EC9D9	2014 12	7
TRATUON128F92EC9D9	2015 01	3
TRATUON128F92EC9D9	2015 02	1
TRATUON128F92EC9D9	2015 03	7
TRATUON128F92EC9D9	2015 04	4
TRATUON128F92EC9D9	2015 05	1
TRATUON128F92EC9D9	2015 06	3
TRATUON128F92EC9D9	2015 07	9
TRATUON128F92EC9D9	2015 08	8
TRATUON128F92EC9D9	2015 09	6
TRATUON128F92EC9D9	2015 10	7
TRATUON128F92EC9D9	2015 11	4
TRATUON128F92EC9D9	2015 12	4
TRATUON128F92EC9D9	2016 01	8
TRATUON128F92EC9D9	2016 02	7
TRATUON128F92EC9D9	2016 03	6
TRATUON128F92EC9D9	2016 04	9
TRATUON128F92EC9D9	2016 05	4
TRATUON128F92EC9D9	2016 06	3
TRATUON128F92EC9D9	2016 07	8
TRATUON128F92EC9D9	2016 08	4
TRATUON128F92EC9D9	2016 09	10
TRATUON128F92EC9D9	2016 10	5
TRATUON128F92EC9D9	2016 11	6
TRATUON128F92EC9D9	2016 12	2
TRATUON128F92EC9D9	2017 01	5
TRATUON128F92EC9D9	2017 02	4
TRATUON128F92EC9D9	2017 03	5
TRATUON128F92EC9D9	2017 04	2
TRATUON128F92EC9D9	2017 05	6
TRATUON128F92EC9D9	2017 06	2
TRATUON128F92EC9D9	2017 07	8
TRATUON128F92EC9D9	2017 09	3
TRATUON128F92EC9D9	2017 10	10
TRATUON128F92EC9D9	2017 11	4
TRATUON128F92EC9D9	2017 12	11
TRATUON128F92EC9D9	2018 01	4
TRATUON128F92EC9D9	2018 02	4
TRATUON128F92EC9D9	2018 03	2
TRATUON128F92EC9D9	2018 04	6
TRATUON128F92EC9D9	2018 05	6
TRATUON128F92EC9D9	2018 06	6
TRATUON128F92EC9D9	2018 07	7
TRATUON128F92EC9D9	2018 08	5
TRATUOQ128F9313C57	2014 01	3
TRATUOQ128F9313C57	2014 02	2
TRATUOQ128F9313C57	2014 03	2
TRATUOQ128F9313C57	2014 04	8
TRATUOQ128F9313C57	2014 05	5
TRATUOQ128F9313C57	2014 06	3
TRATUOQ128F9313C57	2014 07	6
TRATUOQ128F9313C57	2014 08	8
TRATUOQ128F9313C57	2014 09	9
TRATUOQ128F9313C57	2014 10	9
TRATUOQ128F9313C57	2014 11	6
TRATUOQ128F9313C57	2014 12	3
TRATUOQ128F9313C57	2015 01	8
TRATUOQ128F9313C57	2015 02	1
TRATUOQ128F9313C57	2015 03	4
TRATUOQ128F9313C57	2015 04	6
TRATUOQ128F9313C57	2015 05	7
TRATUOQ128F9313C57	2015 06	8
TRATUOQ128F9313C57	2015 07	5
TRATUOQ128F9313C57	2015 08	3
TRATUOQ128F9313C57	2015 09	2
TRATUOQ128F9313C57	2015 10	9
TRATUOQ128F9313C57	2015 11	2
TRATUOQ128F9313C57	2015 12	12
TRATUOQ128F9313C57	2016 01	10
TRATUOQ128F9313C57	2016 02	10
TRATUOQ128F9313C57	2016 03	2
TRATUOQ128F9313C57	2016 04	4
TRATUOQ128F9313C57	2016 05	8
TRATUOQ128F9313C57	2016 06	7
TRATUOQ128F9313C57	2016 07	6
TRATUOQ128F9313C57	2016 08	4
TRATUOQ128F9313C57	2016 09	6
TRATUOQ128F9313C57	2016 10	5
TRATUOQ128F9313C57	2016 11	3
TRATUOQ128F9313C57	2016 12	8
TRATUOQ128F9313C57	2017 01	4
TRATUOQ128F9313C57	2017 02	3
TRATUOQ128F9313C57	2017 03	5
TRATUOQ128F9313C57	2017 04	7
TRATUOQ128F9313C57	2017 06	2
TRATUOQ128F9313C57	2017 07	5
TRATUOQ128F9313C57	2017 08	7
TRATUOQ128F9313C57	2017 09	4
TRATUOQ128F9313C57	2017 10	2
TRATUOQ128F9313C57	2017 11	5
TRATUOQ128F9313C57	2017 12	7
TRATUOQ128F9313C57	2018 01	7
TRATUOQ128F9313C57	2018 02	5
TRATUOQ128F9313C57	2018 03	7
TRATUOQ128F9313C57	2018 04	4
TRATUOQ128F9313C57	2018 05	8
TRATUOQ128F9313C57	2018 06	7
TRATUOQ128F9313C57	2018 07	5
TRATUOQ128F9313C57	2018 08	3
TRATVHE128F934ABD2	2014 01	4
TRATVHE128F934ABD2	2014 02	6
TRATVHE128F934ABD2	2014 03	4
TRATVHE128F934ABD2	2014 04	5
TRATVHE128F934ABD2	2014 05	3
TRATVHE128F934ABD2	2014 06	3
TRATVHE128F934ABD2	2014 07	10
TRATVHE128F934ABD2	2014 08	5
TRATVHE128F934ABD2	2014 09	6
TRATVHE128F934ABD2	2014 10	7
TRATVHE128F934ABD2	2014 11	6
TRATVHE128F934ABD2	2014 12	7
TRATVHE128F934ABD2	2015 01	3
TRATVHE128F934ABD2	2015 02	6
TRATVHE128F934ABD2	2015 03	2
TRATVHE128F934ABD2	2015 04	12
TRATVHE128F934ABD2	2015 05	3
TRATVHE128F934ABD2	2015 06	4
TRATVHE128F934ABD2	2015 07	4
TRATVHE128F934ABD2	2015 08	4
TRATVHE128F934ABD2	2015 09	5
TRATVHE128F934ABD2	2015 10	7
TRATVHE128F934ABD2	2015 11	4
TRATVHE128F934ABD2	2015 12	3
TRATVHE128F934ABD2	2016 01	2
TRATVHE128F934ABD2	2016 02	9
TRATVHE128F934ABD2	2016 03	5
TRATVHE128F934ABD2	2016 04	3
TRATVHE128F934ABD2	2016 05	7
TRATVHE128F934ABD2	2016 06	6
TRATVHE128F934ABD2	2016 07	4
TRATVHE128F934ABD2	2016 08	7
TRATVHE128F934ABD2	2016 09	7
TRATVHE128F934ABD2	2016 10	6
TRATVHE128F934ABD2	2016 11	7
TRATVHE128F934ABD2	2016 12	9
TRATVHE128F934ABD2	2017 01	4
TRATVHE128F934ABD2	2017 02	3
TRATVHE128F934ABD2	2017 03	5
TRATVHE128F934ABD2	2017 04	6
TRATVHE128F934ABD2	2017 05	6
TRATVHE128F934ABD2	2017 06	5
TRATVHE128F934ABD2	2017 07	3
TRATVHE128F934ABD2	2017 08	7
TRATVHE128F934ABD2	2017 09	8
TRATVHE128F934ABD2	2017 10	5
TRATVHE128F934ABD2	2017 11	3
TRATVHE128F934ABD2	2017 12	3
TRATVHE128F934ABD2	2018 01	7
TRATVHE128F934ABD2	2018 02	9
TRATVHE128F934ABD2	2018 03	3
TRATVHE128F934ABD2	2018 04	6
TRATVHE128F934ABD2	2018 05	5
TRATVHE128F934ABD2	2018 06	4
TRATVHE128F934ABD2	2018 07	8
TRATVHE128F934ABD2	2018 08	7
TRATVHE128F934ABD2	2018 09	1
TRATVQJ128F9309581	2014 01	10
TRATVQJ128F9309581	2014 02	6
TRATVQJ128F9309581	2014 03	4
TRATVQJ128F9309581	2014 04	5
TRATVQJ128F9309581	2014 05	3
TRATVQJ128F9309581	2014 06	4
TRATVQJ128F9309581	2014 07	3
TRATVQJ128F9309581	2014 08	4
TRATVQJ128F9309581	2014 09	5
TRATVQJ128F9309581	2014 10	12
TRATVQJ128F9309581	2014 11	7
TRATVQJ128F9309581	2014 12	7
TRATVQJ128F9309581	2015 01	7
TRATVQJ128F9309581	2015 02	7
TRATVQJ128F9309581	2015 03	11
TRATVQJ128F9309581	2015 04	6
TRATVQJ128F9309581	2015 05	6
TRATVQJ128F9309581	2015 06	5
TRATVQJ128F9309581	2015 07	3
TRATVQJ128F9309581	2015 08	7
TRATVQJ128F9309581	2015 09	4
TRATVQJ128F9309581	2015 10	6
TRATVQJ128F9309581	2015 11	5
TRATVQJ128F9309581	2015 12	3
TRATVQJ128F9309581	2016 01	3
TRATVQJ128F9309581	2016 02	4
TRATVQJ128F9309581	2016 03	3
TRATVQJ128F9309581	2016 04	5
TRATVQJ128F9309581	2016 05	4
TRATVQJ128F9309581	2016 06	4
TRATVQJ128F9309581	2016 07	3
TRATVQJ128F9309581	2016 08	5
TRATVQJ128F9309581	2016 09	6
TRATVQJ128F9309581	2016 10	6
TRATVQJ128F9309581	2016 11	7
TRATVQJ128F9309581	2016 12	4
TRATVQJ128F9309581	2017 01	4
TRATVQJ128F9309581	2017 02	6
TRATVQJ128F9309581	2017 03	5
TRATVQJ128F9309581	2017 04	6
TRATVQJ128F9309581	2017 05	3
TRATVQJ128F9309581	2017 06	5
TRATVQJ128F9309581	2017 07	11
TRATVQJ128F9309581	2017 08	3
TRATVQJ128F9309581	2017 09	6
TRATVQJ128F9309581	2017 10	5
TRATVQJ128F9309581	2017 11	4
TRATVQJ128F9309581	2017 12	4
TRATVQJ128F9309581	2018 01	7
TRATVQJ128F9309581	2018 02	12
TRATVQJ128F9309581	2018 03	3
TRATVQJ128F9309581	2018 04	6
TRATVQJ128F9309581	2018 05	7
TRATVQJ128F9309581	2018 06	9
TRATVQJ128F9309581	2018 07	4
TRATVQJ128F9309581	2018 08	5
TRATVQK128F425450D	2014 01	5
TRATVQK128F425450D	2014 02	6
TRATVQK128F425450D	2014 03	5
TRATVQK128F425450D	2014 04	7
TRATVQK128F425450D	2014 05	2
TRATVQK128F425450D	2014 06	2
TRATVQK128F425450D	2014 07	3
TRATVQK128F425450D	2014 08	10
TRATVQK128F425450D	2014 09	3
TRATVQK128F425450D	2014 10	5
TRATVQK128F425450D	2014 11	7
TRATVQK128F425450D	2014 12	6
TRATVQK128F425450D	2015 01	8
TRATVQK128F425450D	2015 02	6
TRATVQK128F425450D	2015 03	5
TRATVQK128F425450D	2015 04	13
TRATVQK128F425450D	2015 05	7
TRATVQK128F425450D	2015 06	4
TRATVQK128F425450D	2015 07	3
TRATVQK128F425450D	2015 08	2
TRATVQK128F425450D	2015 09	4
TRATVQK128F425450D	2015 10	6
TRATVQK128F425450D	2015 11	1
TRATVQK128F425450D	2015 12	4
TRATVQK128F425450D	2016 01	8
TRATVQK128F425450D	2016 02	5
TRATVQK128F425450D	2016 03	4
TRATVQK128F425450D	2016 04	6
TRATVQK128F425450D	2016 05	7
TRATVQK128F425450D	2016 06	1
TRATVQK128F425450D	2016 07	7
TRATVQK128F425450D	2016 08	5
TRATVQK128F425450D	2016 09	7
TRATVQK128F425450D	2016 10	6
TRATVQK128F425450D	2016 11	7
TRATVQK128F425450D	2016 12	4
TRATVQK128F425450D	2017 01	5
TRATVQK128F425450D	2017 02	4
TRATVQK128F425450D	2017 03	5
TRATVQK128F425450D	2017 04	2
TRATVQK128F425450D	2017 05	4
TRATVQK128F425450D	2017 06	6
TRATVQK128F425450D	2017 07	9
TRATVQK128F425450D	2017 08	8
TRATVQK128F425450D	2017 09	4
TRATVQK128F425450D	2017 10	4
TRATVQK128F425450D	2017 11	7
TRATVQK128F425450D	2017 12	8
TRATVQK128F425450D	2018 01	6
TRATVQK128F425450D	2018 02	6
TRATVQK128F425450D	2018 03	9
TRATVQK128F425450D	2018 04	4
TRATVQK128F425450D	2018 05	8
TRATVQK128F425450D	2018 06	10
TRATVQK128F425450D	2018 07	1
TRATVQK128F425450D	2018 08	3
TRATWOM128EF35A552	2014 01	6
TRATWOM128EF35A552	2014 02	3
TRATWOM128EF35A552	2014 03	6
TRATWOM128EF35A552	2014 04	1
TRATWOM128EF35A552	2014 05	3
TRATWOM128EF35A552	2014 06	3
TRATWOM128EF35A552	2014 07	5
TRATWOM128EF35A552	2014 08	6
TRATWOM128EF35A552	2014 09	8
TRATWOM128EF35A552	2014 10	5
TRATWOM128EF35A552	2014 11	3
TRATWOM128EF35A552	2014 12	2
TRATWOM128EF35A552	2015 01	11
TRATWOM128EF35A552	2015 03	4
TRATWOM128EF35A552	2015 04	4
TRATWOM128EF35A552	2015 05	2
TRATWOM128EF35A552	2015 06	3
TRATWOM128EF35A552	2015 07	4
TRATWOM128EF35A552	2015 08	9
TRATWOM128EF35A552	2015 09	6
TRATWOM128EF35A552	2015 10	6
TRATWOM128EF35A552	2015 11	5
TRATWOM128EF35A552	2015 12	8
TRATWOM128EF35A552	2016 01	5
TRATWOM128EF35A552	2016 02	4
TRATWOM128EF35A552	2016 03	2
TRATWOM128EF35A552	2016 04	6
TRATWOM128EF35A552	2016 05	5
TRATWOM128EF35A552	2016 06	5
TRATWOM128EF35A552	2016 07	3
TRATWOM128EF35A552	2016 08	3
TRATWOM128EF35A552	2016 09	3
TRATWOM128EF35A552	2016 10	3
TRATWOM128EF35A552	2016 11	5
TRATWOM128EF35A552	2016 12	5
TRATWOM128EF35A552	2017 01	6
TRATWOM128EF35A552	2017 02	1
TRATWOM128EF35A552	2017 03	5
TRATWOM128EF35A552	2017 04	7
TRATWOM128EF35A552	2017 05	5
TRATWOM128EF35A552	2017 06	5
TRATWOM128EF35A552	2017 07	4
TRATWOM128EF35A552	2017 08	3
TRATWOM128EF35A552	2017 09	4
TRATWOM128EF35A552	2017 10	6
TRATWOM128EF35A552	2017 11	9
TRATWOM128EF35A552	2017 12	3
TRATWOM128EF35A552	2018 01	3
TRATWOM128EF35A552	2018 02	7
TRATWOM128EF35A552	2018 03	5
TRATWOM128EF35A552	2018 04	4
TRATWOM128EF35A552	2018 05	7
TRATWOM128EF35A552	2018 06	7
TRATWOM128EF35A552	2018 07	5
TRATWOM128EF35A552	2018 08	2
TRATXBY128F931174B	2014 01	6
TRATXBY128F931174B	2014 02	5
TRATXBY128F931174B	2014 03	7
TRATXBY128F931174B	2014 04	3
TRATXBY128F931174B	2014 05	4
TRATXBY128F931174B	2014 06	6
TRATXBY128F931174B	2014 07	5
TRATXBY128F931174B	2014 08	2
TRATXBY128F931174B	2014 09	6
TRATXBY128F931174B	2014 10	4
TRATXBY128F931174B	2014 11	7
TRATXBY128F931174B	2014 12	6
TRATXBY128F931174B	2015 01	10
TRATXBY128F931174B	2015 02	6
TRATXBY128F931174B	2015 03	6
TRATXBY128F931174B	2015 04	7
TRATXBY128F931174B	2015 05	4
TRATXBY128F931174B	2015 06	4
TRATXBY128F931174B	2015 07	6
TRATXBY128F931174B	2015 08	9
TRATXBY128F931174B	2015 09	8
TRATXBY128F931174B	2015 10	5
TRATXBY128F931174B	2015 11	6
TRATXBY128F931174B	2015 12	7
TRATXBY128F931174B	2016 01	4
TRATXBY128F931174B	2016 02	5
TRATXBY128F931174B	2016 03	5
TRATXBY128F931174B	2016 04	7
TRATXBY128F931174B	2016 05	7
TRATXBY128F931174B	2016 06	2
TRATXBY128F931174B	2016 07	6
TRATXBY128F931174B	2016 08	4
TRATXBY128F931174B	2016 09	5
TRATXBY128F931174B	2016 10	4
TRATXBY128F931174B	2016 11	2
TRATXBY128F931174B	2016 12	5
TRATXBY128F931174B	2017 01	6
TRATXBY128F931174B	2017 02	4
TRATXBY128F931174B	2017 03	6
TRATXBY128F931174B	2017 04	2
TRATXBY128F931174B	2017 05	7
TRATXBY128F931174B	2017 06	4
TRATXBY128F931174B	2017 07	7
TRATXBY128F931174B	2017 08	7
TRATXBY128F931174B	2017 09	4
TRATXBY128F931174B	2017 10	4
TRATXBY128F931174B	2017 11	6
TRATXBY128F931174B	2017 12	6
TRATXBY128F931174B	2018 01	6
TRATXBY128F931174B	2018 02	4
TRATXBY128F931174B	2018 03	5
TRATXBY128F931174B	2018 04	2
TRATXBY128F931174B	2018 05	9
TRATXBY128F931174B	2018 06	4
TRATXBY128F931174B	2018 07	2
TRATXBY128F931174B	2018 08	5
TRATXCW128F92E0576	2014 01	5
TRATXCW128F92E0576	2014 02	10
TRATXCW128F92E0576	2014 03	6
TRATXCW128F92E0576	2014 04	7
TRATXCW128F92E0576	2014 05	7
TRATXCW128F92E0576	2014 06	8
TRATXCW128F92E0576	2014 07	6
TRATXCW128F92E0576	2014 08	5
TRATXCW128F92E0576	2014 09	5
TRATXCW128F92E0576	2014 10	2
TRATXCW128F92E0576	2014 11	2
TRATXCW128F92E0576	2014 12	6
TRATXCW128F92E0576	2015 01	5
TRATXCW128F92E0576	2015 02	5
TRATXCW128F92E0576	2015 03	6
TRATXCW128F92E0576	2015 04	8
TRATXCW128F92E0576	2015 05	3
TRATXCW128F92E0576	2015 06	5
TRATXCW128F92E0576	2015 07	5
TRATXCW128F92E0576	2015 08	4
TRATXCW128F92E0576	2015 09	4
TRATXCW128F92E0576	2015 10	4
TRATXCW128F92E0576	2015 11	6
TRATXCW128F92E0576	2015 12	11
TRATXCW128F92E0576	2016 01	3
TRATXCW128F92E0576	2016 02	4
TRATXCW128F92E0576	2016 03	5
TRATXCW128F92E0576	2016 04	10
TRATXCW128F92E0576	2016 05	2
TRATXCW128F92E0576	2016 06	4
TRATXCW128F92E0576	2016 07	3
TRATXCW128F92E0576	2016 08	6
TRATXCW128F92E0576	2016 09	4
TRATXCW128F92E0576	2016 10	3
TRATXCW128F92E0576	2016 11	2
TRATXCW128F92E0576	2016 12	5
TRATXCW128F92E0576	2017 01	6
TRATXCW128F92E0576	2017 02	9
TRATXCW128F92E0576	2017 03	6
TRATXCW128F92E0576	2017 04	9
TRATXCW128F92E0576	2017 05	5
TRATXCW128F92E0576	2017 06	4
TRATXCW128F92E0576	2017 07	8
TRATXCW128F92E0576	2017 08	4
TRATXCW128F92E0576	2017 09	6
TRATXCW128F92E0576	2017 10	5
TRATXCW128F92E0576	2017 11	5
TRATXCW128F92E0576	2017 12	2
TRATXCW128F92E0576	2018 01	5
TRATXCW128F92E0576	2018 02	3
TRATXCW128F92E0576	2018 03	5
TRATXCW128F92E0576	2018 04	5
TRATXCW128F92E0576	2018 05	9
TRATXCW128F92E0576	2018 06	2
TRATXCW128F92E0576	2018 07	9
TRATXCW128F92E0576	2018 08	5
TRATXCW128F92E0576	2018 09	1
TRATXIY12903CD8318	2014 01	6
TRATXIY12903CD8318	2014 02	8
TRATXIY12903CD8318	2014 03	1
TRATXIY12903CD8318	2014 04	7
TRATXIY12903CD8318	2014 05	3
TRATXIY12903CD8318	2014 06	2
TRATXIY12903CD8318	2014 07	3
TRATXIY12903CD8318	2014 08	2
TRATXIY12903CD8318	2014 09	8
TRATXIY12903CD8318	2014 10	7
TRATXIY12903CD8318	2014 11	4
TRATXIY12903CD8318	2014 12	2
TRATXIY12903CD8318	2015 01	2
TRATXIY12903CD8318	2015 02	3
TRATXIY12903CD8318	2015 03	6
TRATXIY12903CD8318	2015 04	10
TRATXIY12903CD8318	2015 05	4
TRATXIY12903CD8318	2015 06	4
TRATXIY12903CD8318	2015 07	3
TRATXIY12903CD8318	2015 08	6
TRATXIY12903CD8318	2015 09	3
TRATXIY12903CD8318	2015 10	4
TRATXIY12903CD8318	2015 11	2
TRATXIY12903CD8318	2015 12	3
TRATXIY12903CD8318	2016 01	9
TRATXIY12903CD8318	2016 02	7
TRATXIY12903CD8318	2016 03	7
TRATXIY12903CD8318	2016 04	8
TRATXIY12903CD8318	2016 05	12
TRATXIY12903CD8318	2016 06	4
TRATXIY12903CD8318	2016 07	7
TRATXIY12903CD8318	2016 08	4
TRATXIY12903CD8318	2016 09	5
TRATXIY12903CD8318	2016 10	8
TRATXIY12903CD8318	2016 11	6
TRATXIY12903CD8318	2016 12	3
TRATXIY12903CD8318	2017 01	6
TRATXIY12903CD8318	2017 02	6
TRATXIY12903CD8318	2017 03	3
TRATXIY12903CD8318	2017 04	4
TRATXIY12903CD8318	2017 05	3
TRATXIY12903CD8318	2017 06	10
TRATXIY12903CD8318	2017 07	5
TRATXIY12903CD8318	2017 08	2
TRATXIY12903CD8318	2017 10	6
TRATXIY12903CD8318	2017 11	5
TRATXIY12903CD8318	2017 12	2
TRATXIY12903CD8318	2018 01	3
TRATXIY12903CD8318	2018 02	2
TRATXIY12903CD8318	2018 03	5
TRATXIY12903CD8318	2018 04	4
TRATXIY12903CD8318	2018 05	5
TRATXIY12903CD8318	2018 06	4
TRATXIY12903CD8318	2018 07	9
TRATXIY12903CD8318	2018 08	8
TRATXKU128F14A3619	2014 01	5
TRATXKU128F14A3619	2014 02	3
TRATXKU128F14A3619	2014 03	4
TRATXKU128F14A3619	2014 04	6
TRATXKU128F14A3619	2014 05	6
TRATXKU128F14A3619	2014 06	7
TRATXKU128F14A3619	2014 07	6
TRATXKU128F14A3619	2014 08	4
TRATXKU128F14A3619	2014 09	7
TRATXKU128F14A3619	2014 10	7
TRATXKU128F14A3619	2014 11	2
TRATXKU128F14A3619	2014 12	4
TRATXKU128F14A3619	2015 01	4
TRATXKU128F14A3619	2015 02	3
TRATXKU128F14A3619	2015 03	5
TRATXKU128F14A3619	2015 04	9
TRATXKU128F14A3619	2015 05	6
TRATXKU128F14A3619	2015 06	4
TRATXKU128F14A3619	2015 07	3
TRATXKU128F14A3619	2015 08	2
TRATXKU128F14A3619	2015 09	5
TRATXKU128F14A3619	2015 10	2
TRATXKU128F14A3619	2015 11	5
TRATXKU128F14A3619	2015 12	5
TRATXKU128F14A3619	2016 01	2
TRATXKU128F14A3619	2016 02	7
TRATXKU128F14A3619	2016 03	3
TRATXKU128F14A3619	2016 04	1
TRATXKU128F14A3619	2016 05	3
TRATXKU128F14A3619	2016 06	3
TRATXKU128F14A3619	2016 07	3
TRATXKU128F14A3619	2016 08	8
TRATXKU128F14A3619	2016 09	4
TRATXKU128F14A3619	2016 10	3
TRATXKU128F14A3619	2016 11	8
TRATXKU128F14A3619	2016 12	4
TRATXKU128F14A3619	2017 01	9
TRATXKU128F14A3619	2017 02	6
TRATXKU128F14A3619	2017 03	1
TRATXKU128F14A3619	2017 04	3
TRATXKU128F14A3619	2017 05	7
TRATXKU128F14A3619	2017 06	2
TRATXKU128F14A3619	2017 07	4
TRATXKU128F14A3619	2017 08	4
TRATXKU128F14A3619	2017 09	8
TRATXKU128F14A3619	2017 10	7
TRATXKU128F14A3619	2017 11	8
TRATXKU128F14A3619	2017 12	5
TRATXKU128F14A3619	2018 01	6
TRATXKU128F14A3619	2018 02	2
TRATXKU128F14A3619	2018 03	8
TRATXKU128F14A3619	2018 04	6
TRATXKU128F14A3619	2018 05	5
TRATXKU128F14A3619	2018 06	1
TRATXKU128F14A3619	2018 07	2
TRATXKU128F14A3619	2018 08	7
TRATXMR128F92E108B	2014 01	8
TRATXMR128F92E108B	2014 02	5
TRATXMR128F92E108B	2014 03	6
TRATXMR128F92E108B	2014 04	3
TRATXMR128F92E108B	2014 05	8
TRATXMR128F92E108B	2014 06	6
TRATXMR128F92E108B	2014 07	4
TRATXMR128F92E108B	2014 08	8
TRATXMR128F92E108B	2014 09	6
TRATXMR128F92E108B	2014 10	6
TRATXMR128F92E108B	2014 11	7
TRATXMR128F92E108B	2014 12	10
TRATXMR128F92E108B	2015 01	10
TRATXMR128F92E108B	2015 02	5
TRATXMR128F92E108B	2015 03	6
TRATXMR128F92E108B	2015 04	14
TRATXMR128F92E108B	2015 05	6
TRATXMR128F92E108B	2015 06	9
TRATXMR128F92E108B	2015 07	4
TRATXMR128F92E108B	2015 08	6
TRATXMR128F92E108B	2015 09	8
TRATXMR128F92E108B	2015 10	7
TRATXMR128F92E108B	2015 11	3
TRATXMR128F92E108B	2015 12	6
TRATXMR128F92E108B	2016 01	6
TRATXMR128F92E108B	2016 02	7
TRATXMR128F92E108B	2016 03	4
TRATXMR128F92E108B	2016 04	6
TRATXMR128F92E108B	2016 05	7
TRATXMR128F92E108B	2016 06	8
TRATXMR128F92E108B	2016 07	9
TRATXMR128F92E108B	2016 08	8
TRATXMR128F92E108B	2016 09	3
TRATXMR128F92E108B	2016 10	3
TRATXMR128F92E108B	2016 11	6
TRATXMR128F92E108B	2016 12	5
TRATXMR128F92E108B	2017 01	4
TRATXMR128F92E108B	2017 02	6
TRATXMR128F92E108B	2017 03	5
TRATXMR128F92E108B	2017 04	7
TRATXMR128F92E108B	2017 05	8
TRATXMR128F92E108B	2017 06	6
TRATXMR128F92E108B	2017 07	7
TRATXMR128F92E108B	2017 08	5
TRATXMR128F92E108B	2017 09	5
TRATXMR128F92E108B	2017 10	4
TRATXMR128F92E108B	2017 11	8
TRATXMR128F92E108B	2017 12	4
TRATXMR128F92E108B	2018 01	5
TRATXMR128F92E108B	2018 02	2
TRATXMR128F92E108B	2018 03	9
TRATXMR128F92E108B	2018 04	3
TRATXMR128F92E108B	2018 05	2
TRATXMR128F92E108B	2018 06	7
TRATXMR128F92E108B	2018 07	2
TRATXMR128F92E108B	2018 08	6
TRATXPM128F92F15A1	2014 01	6
TRATXPM128F92F15A1	2014 02	4
TRATXPM128F92F15A1	2014 03	10
TRATXPM128F92F15A1	2014 04	3
TRATXPM128F92F15A1	2014 05	3
TRATXPM128F92F15A1	2014 06	6
TRATXPM128F92F15A1	2014 07	6
TRATXPM128F92F15A1	2014 08	6
TRATXPM128F92F15A1	2014 09	5
TRATXPM128F92F15A1	2014 10	7
TRATXPM128F92F15A1	2014 11	8
TRATXPM128F92F15A1	2014 12	6
TRATXPM128F92F15A1	2015 01	2
TRATXPM128F92F15A1	2015 02	5
TRATXPM128F92F15A1	2015 03	3
TRATXPM128F92F15A1	2015 04	6
TRATXPM128F92F15A1	2015 05	6
TRATXPM128F92F15A1	2015 06	7
TRATXPM128F92F15A1	2015 07	4
TRATXPM128F92F15A1	2015 08	4
TRATXPM128F92F15A1	2015 09	3
TRATXPM128F92F15A1	2015 10	3
TRATXPM128F92F15A1	2015 11	6
TRATXPM128F92F15A1	2015 12	4
TRATXPM128F92F15A1	2016 01	4
TRATXPM128F92F15A1	2016 02	8
TRATXPM128F92F15A1	2016 03	1
TRATXPM128F92F15A1	2016 04	7
TRATXPM128F92F15A1	2016 05	3
TRATXPM128F92F15A1	2016 06	7
TRATXPM128F92F15A1	2016 07	6
TRATXPM128F92F15A1	2016 08	6
TRATXPM128F92F15A1	2016 09	8
TRATXPM128F92F15A1	2016 10	6
TRATXPM128F92F15A1	2016 11	6
TRATXPM128F92F15A1	2016 12	4
TRATXPM128F92F15A1	2017 01	1
TRATXPM128F92F15A1	2017 02	5
TRATXPM128F92F15A1	2017 03	6
TRATXPM128F92F15A1	2017 04	3
TRATXPM128F92F15A1	2017 05	6
TRATXPM128F92F15A1	2017 06	7
TRATXPM128F92F15A1	2017 07	4
TRATXPM128F92F15A1	2017 08	3
TRATXPM128F92F15A1	2017 09	7
TRATXPM128F92F15A1	2017 10	8
TRATXPM128F92F15A1	2017 11	3
TRATXPM128F92F15A1	2017 12	9
TRATXPM128F92F15A1	2018 01	3
TRATXPM128F92F15A1	2018 02	5
TRATXPM128F92F15A1	2018 03	10
TRATXPM128F92F15A1	2018 04	5
TRATXPM128F92F15A1	2018 05	6
TRATXPM128F92F15A1	2018 06	7
TRATXPM128F92F15A1	2018 07	3
TRATXPM128F92F15A1	2018 08	11
TRATXQY128F1489B0C	2014 01	7
TRATXQY128F1489B0C	2014 02	9
TRATXQY128F1489B0C	2014 03	5
TRATXQY128F1489B0C	2014 04	7
TRATXQY128F1489B0C	2014 05	6
TRATXQY128F1489B0C	2014 06	7
TRATXQY128F1489B0C	2014 07	3
TRATXQY128F1489B0C	2014 08	6
TRATXQY128F1489B0C	2014 09	5
TRATXQY128F1489B0C	2014 10	10
TRATXQY128F1489B0C	2014 11	7
TRATXQY128F1489B0C	2014 12	7
TRATXQY128F1489B0C	2015 01	9
TRATXQY128F1489B0C	2015 02	5
TRATXQY128F1489B0C	2015 03	4
TRATXQY128F1489B0C	2015 04	6
TRATXQY128F1489B0C	2015 05	6
TRATXQY128F1489B0C	2015 06	2
TRATXQY128F1489B0C	2015 07	7
TRATXQY128F1489B0C	2015 08	6
TRATXQY128F1489B0C	2015 09	2
TRATXQY128F1489B0C	2015 10	4
TRATXQY128F1489B0C	2015 11	5
TRATXQY128F1489B0C	2015 12	8
TRATXQY128F1489B0C	2016 01	7
TRATXQY128F1489B0C	2016 02	7
TRATXQY128F1489B0C	2016 03	7
TRATXQY128F1489B0C	2016 04	1
TRATXQY128F1489B0C	2016 05	6
TRATXQY128F1489B0C	2016 06	3
TRATXQY128F1489B0C	2016 07	11
TRATXQY128F1489B0C	2016 08	5
TRATXQY128F1489B0C	2016 09	7
TRATXQY128F1489B0C	2016 10	5
TRATXQY128F1489B0C	2016 11	4
TRATXQY128F1489B0C	2016 12	10
TRATXQY128F1489B0C	2017 01	8
TRATXQY128F1489B0C	2017 02	2
TRATXQY128F1489B0C	2017 03	8
TRATXQY128F1489B0C	2017 04	9
TRATXQY128F1489B0C	2017 05	7
TRATXQY128F1489B0C	2017 06	10
TRATXQY128F1489B0C	2017 07	4
TRATXQY128F1489B0C	2017 08	10
TRATXQY128F1489B0C	2017 09	5
TRATXQY128F1489B0C	2017 10	4
TRATXQY128F1489B0C	2017 11	12
TRATXQY128F1489B0C	2017 12	9
TRATXQY128F1489B0C	2018 01	5
TRATXQY128F1489B0C	2018 02	5
TRATXQY128F1489B0C	2018 03	2
TRATXQY128F1489B0C	2018 04	7
TRATXQY128F1489B0C	2018 05	5
TRATXQY128F1489B0C	2018 06	1
TRATXQY128F1489B0C	2018 07	6
TRATXQY128F1489B0C	2018 08	6
TRATXSV12903CC1F0A	2014 01	3
TRATXSV12903CC1F0A	2014 02	4
TRATXSV12903CC1F0A	2014 03	11
TRATXSV12903CC1F0A	2014 04	6
TRATXSV12903CC1F0A	2014 05	4
TRATXSV12903CC1F0A	2014 06	3
TRATXSV12903CC1F0A	2014 07	7
TRATXSV12903CC1F0A	2014 08	6
TRATXSV12903CC1F0A	2014 09	4
TRATXSV12903CC1F0A	2014 10	4
TRATXSV12903CC1F0A	2014 11	5
TRATXSV12903CC1F0A	2014 12	4
TRATXSV12903CC1F0A	2015 01	10
TRATXSV12903CC1F0A	2015 02	8
TRATXSV12903CC1F0A	2015 03	1
TRATXSV12903CC1F0A	2015 04	8
TRATXSV12903CC1F0A	2015 05	6
TRATXSV12903CC1F0A	2015 06	3
TRATXSV12903CC1F0A	2015 07	3
TRATXSV12903CC1F0A	2015 08	5
TRATXSV12903CC1F0A	2015 09	4
TRATXSV12903CC1F0A	2015 10	6
TRATXSV12903CC1F0A	2015 11	7
TRATXSV12903CC1F0A	2015 12	9
TRATXSV12903CC1F0A	2016 01	7
TRATXSV12903CC1F0A	2016 02	5
TRATXSV12903CC1F0A	2016 03	6
TRATXSV12903CC1F0A	2016 04	5
TRATXSV12903CC1F0A	2016 05	6
TRATXSV12903CC1F0A	2016 06	8
TRATXSV12903CC1F0A	2016 07	6
TRATXSV12903CC1F0A	2016 08	8
TRATXSV12903CC1F0A	2016 09	5
TRATXSV12903CC1F0A	2016 10	7
TRATXSV12903CC1F0A	2016 11	5
TRATXSV12903CC1F0A	2016 12	5
TRATXSV12903CC1F0A	2017 01	8
TRATXSV12903CC1F0A	2017 02	6
TRATXSV12903CC1F0A	2017 03	3
TRATXSV12903CC1F0A	2017 04	3
TRATXSV12903CC1F0A	2017 05	4
TRATXSV12903CC1F0A	2017 06	6
TRATXSV12903CC1F0A	2017 07	4
TRATXSV12903CC1F0A	2017 08	2
TRATXSV12903CC1F0A	2017 09	8
TRATXSV12903CC1F0A	2017 10	5
TRATXSV12903CC1F0A	2017 11	5
TRATXSV12903CC1F0A	2017 12	8
TRATXSV12903CC1F0A	2018 01	3
TRATXSV12903CC1F0A	2018 02	7
TRATXSV12903CC1F0A	2018 03	7
TRATXSV12903CC1F0A	2018 04	5
TRATXSV12903CC1F0A	2018 05	6
TRATXSV12903CC1F0A	2018 06	6
TRATXSV12903CC1F0A	2018 07	9
TRATXSV12903CC1F0A	2018 08	10
TRATYHL128F1469E29	2014 01	8
TRATYHL128F1469E29	2014 02	4
TRATYHL128F1469E29	2014 03	2
TRATYHL128F1469E29	2014 04	6
TRATYHL128F1469E29	2014 05	4
TRATYHL128F1469E29	2014 06	9
TRATYHL128F1469E29	2014 07	2
TRATYHL128F1469E29	2014 08	3
TRATYHL128F1469E29	2014 09	4
TRATYHL128F1469E29	2014 10	5
TRATYHL128F1469E29	2014 11	4
TRATYHL128F1469E29	2014 12	5
TRATYHL128F1469E29	2015 01	6
TRATYHL128F1469E29	2015 02	5
TRATYHL128F1469E29	2015 03	6
TRATYHL128F1469E29	2015 04	10
TRATYHL128F1469E29	2015 05	8
TRATYHL128F1469E29	2015 06	1
TRATYHL128F1469E29	2015 07	5
TRATYHL128F1469E29	2015 08	3
TRATYHL128F1469E29	2015 09	3
TRATYHL128F1469E29	2015 10	4
TRATYHL128F1469E29	2015 11	4
TRATYHL128F1469E29	2015 12	3
TRATYHL128F1469E29	2016 01	4
TRATYHL128F1469E29	2016 02	6
TRATYHL128F1469E29	2016 03	7
TRATYHL128F1469E29	2016 04	6
TRATYHL128F1469E29	2016 05	10
TRATYHL128F1469E29	2016 06	9
TRATYHL128F1469E29	2016 07	6
TRATYHL128F1469E29	2016 08	4
TRATYHL128F1469E29	2016 09	7
TRATYHL128F1469E29	2016 10	3
TRATYHL128F1469E29	2016 11	4
TRATYHL128F1469E29	2016 12	7
TRATYHL128F1469E29	2017 01	5
TRATYHL128F1469E29	2017 02	8
TRATYHL128F1469E29	2017 03	12
TRATYHL128F1469E29	2017 04	6
TRATYHL128F1469E29	2017 05	4
TRATYHL128F1469E29	2017 06	10
TRATYHL128F1469E29	2017 07	5
TRATYHL128F1469E29	2017 08	6
TRATYHL128F1469E29	2017 09	5
TRATYHL128F1469E29	2017 10	5
TRATYHL128F1469E29	2017 11	7
TRATYHL128F1469E29	2017 12	8
TRATYHL128F1469E29	2018 01	8
TRATYHL128F1469E29	2018 02	5
TRATYHL128F1469E29	2018 03	3
TRATYHL128F1469E29	2018 04	6
TRATYHL128F1469E29	2018 05	2
TRATYHL128F1469E29	2018 06	6
TRATYHL128F1469E29	2018 07	8
TRATYHL128F1469E29	2018 08	6
TRATYLI128F9324AF3	2014 01	5
TRATYLI128F9324AF3	2014 02	7
TRATYLI128F9324AF3	2014 03	4
TRATYLI128F9324AF3	2014 04	6
TRATYLI128F9324AF3	2014 05	4
TRATYLI128F9324AF3	2014 06	3
TRATYLI128F9324AF3	2014 07	9
TRATYLI128F9324AF3	2014 08	6
TRATYLI128F9324AF3	2014 09	6
TRATYLI128F9324AF3	2014 10	10
TRATYLI128F9324AF3	2014 11	4
TRATYLI128F9324AF3	2014 12	7
TRATYLI128F9324AF3	2015 01	4
TRATYLI128F9324AF3	2015 02	6
TRATYLI128F9324AF3	2015 03	3
TRATYLI128F9324AF3	2015 05	5
TRATYLI128F9324AF3	2015 06	6
TRATYLI128F9324AF3	2015 07	7
TRATYLI128F9324AF3	2015 08	4
TRATYLI128F9324AF3	2015 09	3
TRATYLI128F9324AF3	2015 10	6
TRATYLI128F9324AF3	2015 11	7
TRATYLI128F9324AF3	2015 12	5
TRATYLI128F9324AF3	2016 01	5
TRATYLI128F9324AF3	2016 02	8
TRATYLI128F9324AF3	2016 03	3
TRATYLI128F9324AF3	2016 04	4
TRATYLI128F9324AF3	2016 05	12
TRATYLI128F9324AF3	2016 06	6
TRATYLI128F9324AF3	2016 07	3
TRATYLI128F9324AF3	2016 08	8
TRATYLI128F9324AF3	2016 09	4
TRATYLI128F9324AF3	2016 10	7
TRATYLI128F9324AF3	2016 11	5
TRATYLI128F9324AF3	2016 12	6
TRATYLI128F9324AF3	2017 01	9
TRATYLI128F9324AF3	2017 02	2
TRATYLI128F9324AF3	2017 03	2
TRATYLI128F9324AF3	2017 04	6
TRATYLI128F9324AF3	2017 05	6
TRATYLI128F9324AF3	2017 06	7
TRATYLI128F9324AF3	2017 07	5
TRATYLI128F9324AF3	2017 08	5
TRATYLI128F9324AF3	2017 09	7
TRATYLI128F9324AF3	2017 10	5
TRATYLI128F9324AF3	2017 11	2
TRATYLI128F9324AF3	2017 12	3
TRATYLI128F9324AF3	2018 01	7
TRATYLI128F9324AF3	2018 02	8
TRATYLI128F9324AF3	2018 03	2
TRATYLI128F9324AF3	2018 04	4
TRATYLI128F9324AF3	2018 05	9
TRATYLI128F9324AF3	2018 06	3
TRATYLI128F9324AF3	2018 07	8
TRATYLI128F9324AF3	2018 08	6
TRATYQE128F4293A7D	2014 01	6
TRATYQE128F4293A7D	2014 02	7
TRATYQE128F4293A7D	2014 03	5
TRATYQE128F4293A7D	2014 04	5
TRATYQE128F4293A7D	2014 05	8
TRATYQE128F4293A7D	2014 06	6
TRATYQE128F4293A7D	2014 07	5
TRATYQE128F4293A7D	2014 08	6
TRATYQE128F4293A7D	2014 09	8
TRATYQE128F4293A7D	2014 10	4
TRATYQE128F4293A7D	2014 11	10
TRATYQE128F4293A7D	2014 12	7
TRATYQE128F4293A7D	2015 01	3
TRATYQE128F4293A7D	2015 02	3
TRATYQE128F4293A7D	2015 03	3
TRATYQE128F4293A7D	2015 04	7
TRATYQE128F4293A7D	2015 05	5
TRATYQE128F4293A7D	2015 06	5
TRATYQE128F4293A7D	2015 07	4
TRATYQE128F4293A7D	2015 08	5
TRATYQE128F4293A7D	2015 09	3
TRATYQE128F4293A7D	2015 10	4
TRATYQE128F4293A7D	2015 11	6
TRATYQE128F4293A7D	2015 12	3
TRATYQE128F4293A7D	2016 01	7
TRATYQE128F4293A7D	2016 02	6
TRATYQE128F4293A7D	2016 03	9
TRATYQE128F4293A7D	2016 04	7
TRATYQE128F4293A7D	2016 05	8
TRATYQE128F4293A7D	2016 06	2
TRATYQE128F4293A7D	2016 07	4
TRATYQE128F4293A7D	2016 08	5
TRATYQE128F4293A7D	2016 09	9
TRATYQE128F4293A7D	2016 10	8
TRATYQE128F4293A7D	2016 11	2
TRATYQE128F4293A7D	2016 12	3
TRATYQE128F4293A7D	2017 01	5
TRATYQE128F4293A7D	2017 02	5
TRATYQE128F4293A7D	2017 03	9
TRATYQE128F4293A7D	2017 04	3
TRATYQE128F4293A7D	2017 05	8
TRATYQE128F4293A7D	2017 06	10
TRATYQE128F4293A7D	2017 07	7
TRATYQE128F4293A7D	2017 08	4
TRATYQE128F4293A7D	2017 09	4
TRATYQE128F4293A7D	2017 10	3
TRATYQE128F4293A7D	2017 11	7
TRATYQE128F4293A7D	2017 12	9
TRATYQE128F4293A7D	2018 01	6
TRATYQE128F4293A7D	2018 02	3
TRATYQE128F4293A7D	2018 03	4
TRATYQE128F4293A7D	2018 04	3
TRATYQE128F4293A7D	2018 05	7
TRATYQE128F4293A7D	2018 06	6
TRATYQE128F4293A7D	2018 07	4
TRATYQE128F4293A7D	2018 08	10
TRATZLP128F421C574	2014 01	11
TRATZLP128F421C574	2014 02	5
TRATZLP128F421C574	2014 03	4
TRATZLP128F421C574	2014 04	3
TRATZLP128F421C574	2014 05	4
TRATZLP128F421C574	2014 06	7
TRATZLP128F421C574	2014 07	5
TRATZLP128F421C574	2014 08	7
TRATZLP128F421C574	2014 09	4
TRATZLP128F421C574	2014 10	3
TRATZLP128F421C574	2014 11	10
TRATZLP128F421C574	2014 12	11
TRATZLP128F421C574	2015 01	5
TRATZLP128F421C574	2015 02	6
TRATZLP128F421C574	2015 03	8
TRATZLP128F421C574	2015 04	4
TRATZLP128F421C574	2015 05	4
TRATZLP128F421C574	2015 06	6
TRATZLP128F421C574	2015 07	4
TRATZLP128F421C574	2015 08	5
TRATZLP128F421C574	2015 09	4
TRATZLP128F421C574	2015 10	5
TRATZLP128F421C574	2015 11	7
TRATZLP128F421C574	2015 12	5
TRATZLP128F421C574	2016 01	2
TRATZLP128F421C574	2016 02	5
TRATZLP128F421C574	2016 03	5
TRATZLP128F421C574	2016 04	3
TRATZLP128F421C574	2016 05	5
TRATZLP128F421C574	2016 06	7
TRATZLP128F421C574	2016 07	7
TRATZLP128F421C574	2016 08	4
TRATZLP128F421C574	2016 09	8
TRATZLP128F421C574	2016 10	4
TRATZLP128F421C574	2016 11	4
TRATZLP128F421C574	2016 12	8
TRATZLP128F421C574	2017 01	5
TRATZLP128F421C574	2017 02	10
TRATZLP128F421C574	2017 03	4
TRATZLP128F421C574	2017 04	2
TRATZLP128F421C574	2017 05	9
TRATZLP128F421C574	2017 06	3
TRATZLP128F421C574	2017 07	3
TRATZLP128F421C574	2017 08	2
TRATZLP128F421C574	2017 09	7
TRATZLP128F421C574	2017 10	8
TRATZLP128F421C574	2017 11	4
TRATZLP128F421C574	2017 12	6
TRATZLP128F421C574	2018 01	5
TRATZLP128F421C574	2018 02	8
TRATZLP128F421C574	2018 03	5
TRATZLP128F421C574	2018 04	11
TRATZLP128F421C574	2018 05	5
TRATZLP128F421C574	2018 06	4
TRATZLP128F421C574	2018 07	4
TRATZLP128F421C574	2018 08	5
TRATZZO128F930CEDE	2014 01	4
TRATZZO128F930CEDE	2014 02	4
TRATZZO128F930CEDE	2014 03	5
TRATZZO128F930CEDE	2014 04	6
TRATZZO128F930CEDE	2014 05	4
TRATZZO128F930CEDE	2014 06	4
TRATZZO128F930CEDE	2014 07	9
TRATZZO128F930CEDE	2014 08	5
TRATZZO128F930CEDE	2014 09	7
TRATZZO128F930CEDE	2014 10	1
TRATZZO128F930CEDE	2014 11	6
TRATZZO128F930CEDE	2014 12	6
TRATZZO128F930CEDE	2015 01	3
TRATZZO128F930CEDE	2015 02	4
TRATZZO128F930CEDE	2015 03	5
TRATZZO128F930CEDE	2015 04	7
TRATZZO128F930CEDE	2015 05	7
TRATZZO128F930CEDE	2015 06	5
TRATZZO128F930CEDE	2015 07	7
TRATZZO128F930CEDE	2015 08	7
TRATZZO128F930CEDE	2015 09	7
TRATZZO128F930CEDE	2015 10	4
TRATZZO128F930CEDE	2015 11	6
TRATZZO128F930CEDE	2015 12	3
TRATZZO128F930CEDE	2016 01	2
TRATZZO128F930CEDE	2016 02	7
TRATZZO128F930CEDE	2016 03	6
TRATZZO128F930CEDE	2016 04	5
TRATZZO128F930CEDE	2016 05	8
TRATZZO128F930CEDE	2016 06	4
TRATZZO128F930CEDE	2016 07	3
TRATZZO128F930CEDE	2016 08	7
TRATZZO128F930CEDE	2016 09	2
TRATZZO128F930CEDE	2016 10	5
TRATZZO128F930CEDE	2016 11	2
TRATZZO128F930CEDE	2016 12	6
TRATZZO128F930CEDE	2017 01	9
TRATZZO128F930CEDE	2017 02	5
TRATZZO128F930CEDE	2017 03	5
TRATZZO128F930CEDE	2017 04	4
TRATZZO128F930CEDE	2017 05	6
TRATZZO128F930CEDE	2017 06	8
TRATZZO128F930CEDE	2017 07	4
TRATZZO128F930CEDE	2017 08	6
TRATZZO128F930CEDE	2017 09	5
TRATZZO128F930CEDE	2017 10	6
TRATZZO128F930CEDE	2017 11	6
TRATZZO128F930CEDE	2017 12	5
TRATZZO128F930CEDE	2018 01	5
TRATZZO128F930CEDE	2018 02	4
TRATZZO128F930CEDE	2018 03	4
TRATZZO128F930CEDE	2018 04	6
TRATZZO128F930CEDE	2018 05	9
TRATZZO128F930CEDE	2018 06	7
